DISTRICT,DATE,COVID_COUNT,COVID_DEATHS,COVID_TEST
1,2020-02-26,0,0,0
1,2020-02-27,0,0,0
1,2020-02-29,0,0,0
1,2020-03-02,0,0,0
1,2020-03-03,0,0,0
1,2020-03-04,0,0,0
1,2020-03-05,0,0,0
1,2020-03-06,0,0,0
1,2020-03-07,0,0,1
1,2020-03-08,0,0,0
1,2020-03-09,0,0,0
1,2020-03-10,0,0,3
1,2020-03-11,0,0,3
1,2020-03-12,0,0,26
1,2020-03-13,1,0,16
1,2020-03-14,0,0,155
1,2020-03-15,0,0,23
1,2020-03-16,2,0,76
1,2020-03-17,1,0,122
1,2020-03-18,1,0,189
1,2020-03-19,2,0,198
1,2020-03-20,2,0,183
1,2020-03-21,3,0,92
1,2020-03-22,1,0,90
1,2020-03-23,7,0,182
1,2020-03-24,5,0,127
1,2020-03-25,14,1,188
1,2020-03-26,18,1,188
1,2020-03-27,30,0,246
1,2020-03-28,24,0,115
1,2020-03-29,13,4,88
1,2020-03-30,59,2,312
1,2020-03-31,43,2,316
1,2020-04-01,47,0,279
1,2020-04-02,45,2,251
1,2020-04-03,78,2,266
1,2020-04-04,33,0,109
1,2020-04-05,54,2,96
1,2020-04-06,61,3,298
1,2020-04-07,45,5,283
1,2020-04-08,76,6,459
1,2020-04-09,52,6,495
1,2020-04-10,116,2,489
1,2020-04-11,96,2,295
1,2020-04-12,54,5,72
1,2020-04-13,37,6,453
1,2020-04-14,67,7,529
1,2020-04-15,187,2,453
1,2020-04-16,76,3,581
1,2020-04-17,88,5,532
1,2020-04-18,24,3,194
1,2020-04-19,83,6,140
1,2020-04-20,53,2,605
1,2020-04-21,87,4,522
1,2020-04-22,69,5,395
1,2020-04-23,109,4,324
1,2020-04-24,88,4,268
1,2020-04-25,51,2,249
1,2020-04-26,60,5,361
1,2020-04-27,158,5,672
1,2020-04-28,88,2,569
1,2020-04-29,74,3,554
1,2020-04-30,94,10,681
1,2020-05-01,80,6,718
1,2020-05-02,69,4,347
1,2020-05-03,70,2,340
1,2020-05-04,85,2,819
1,2020-05-05,102,6,1105
1,2020-05-06,79,7,636
1,2020-05-07,90,7,806
1,2020-05-08,53,6,955
1,2020-05-09,63,4,674
1,2020-05-10,54,8,267
1,2020-05-11,83,6,886
1,2020-05-12,74,5,943
1,2020-05-13,110,4,638
1,2020-05-14,83,3,981
1,2020-05-15,75,7,1293
1,2020-05-16,41,6,628
1,2020-05-17,56,4,477
1,2020-05-18,62,8,900
1,2020-05-19,97,6,693
1,2020-05-20,79,7,985
1,2020-05-21,76,5,942
1,2020-05-22,84,3,1231
1,2020-05-23,89,3,600
1,2020-05-24,61,4,365
1,2020-05-25,34,2,256
1,2020-05-26,41,4,734
1,2020-05-27,166,2,806
1,2020-05-28,57,2,1123
1,2020-05-29,59,6,1043
1,2020-05-30,50,2,486
1,2020-05-31,33,3,356
1,2020-06-01,52,4,889
1,2020-06-02,124,4,595
1,2020-06-03,48,3,575
1,2020-06-04,52,4,719
1,2020-06-05,50,3,1006
1,2020-06-06,32,2,474
1,2020-06-07,27,3,328
1,2020-06-08,52,2,840
1,2020-06-09,36,4,696
1,2020-06-10,35,1,768
1,2020-06-11,28,2,955
1,2020-06-12,31,1,1084
1,2020-06-13,31,0,681
1,2020-06-14,37,0,404
1,2020-06-15,49,0,1174
1,2020-06-16,20,3,855
1,2020-06-17,92,5,1030
1,2020-06-18,47,0,1093
1,2020-06-19,43,0,1326
1,2020-06-20,50,1,710
1,2020-06-21,54,1,366
1,2020-06-22,59,1,1119
1,2020-06-23,47,0,1154
1,2020-06-24,90,0,891
1,2020-06-25,81,1,1313
1,2020-06-26,57,1,1307
1,2020-06-27,65,1,646
1,2020-06-28,51,0,493
1,2020-06-29,86,1,1233
1,2020-06-30,37,1,996
1,2020-07-01,121,1,1041
1,2020-07-02,109,1,1115
1,2020-07-03,67,1,794
1,2020-07-04,70,0,306
1,2020-07-05,46,1,421
1,2020-07-06,37,4,1538
1,2020-07-07,101,1,1332
1,2020-07-08,83,2,1178
1,2020-07-09,127,1,949
1,2020-07-10,196,1,1374
1,2020-07-11,88,0,602
1,2020-07-12,43,2,592
1,2020-07-13,119,0,1548
1,2020-07-14,80,0,1144
1,2020-07-15,116,1,1262
1,2020-07-16,93,0,1353
1,2020-07-17,121,2,1676
1,2020-07-18,77,2,825
1,2020-07-19,99,0,432
1,2020-07-20,87,3,1511
1,2020-07-21,121,0,1541
1,2020-07-22,123,3,1579
1,2020-07-23,102,2,1564
1,2020-07-24,100,1,1610
1,2020-07-25,126,0,597
1,2020-07-26,81,0,424
1,2020-07-27,107,1,1454
1,2020-07-28,51,1,1456
1,2020-07-29,101,1,1333
1,2020-07-30,82,2,1414
1,2020-07-31,92,1,1554
1,2020-08-01,91,1,660
1,2020-08-02,103,1,343
1,2020-08-03,65,0,1407
1,2020-08-04,105,1,1425
1,2020-08-05,174,1,1368
1,2020-08-06,156,3,1421
1,2020-08-07,99,0,1630
1,2020-08-08,124,1,625
1,2020-08-09,94,2,410
1,2020-08-10,95,4,1481
1,2020-08-11,72,0,1354
1,2020-08-12,146,0,1338
1,2020-08-13,153,1,1327
1,2020-08-14,129,0,1510
1,2020-08-15,98,1,624
1,2020-08-16,112,1,487
1,2020-08-17,113,1,1435
1,2020-08-18,55,1,1377
1,2020-08-19,111,0,1244
1,2020-08-20,137,2,1316
1,2020-08-21,141,2,1492
1,2020-08-22,103,1,621
1,2020-08-23,103,1,455
1,2020-08-24,68,0,1459
1,2020-08-25,79,1,1317
1,2020-08-26,118,1,1116
1,2020-08-27,106,1,1225
1,2020-08-28,136,2,1220
1,2020-08-29,66,0,524
1,2020-08-30,96,1,334
1,2020-08-31,52,2,1304
1,2020-09-01,58,0,1099
1,2020-09-02,108,2,1080
1,2020-09-03,109,2,986
1,2020-09-04,128,2,1261
1,2020-09-05,81,2,491
1,2020-09-06,90,0,285
1,2020-09-07,37,2,295
1,2020-09-08,46,1,286
1,2020-09-09,76,1,4
10,2020-02-26,0,0,0
10,2020-02-27,0,0,0
10,2020-02-29,0,0,0
10,2020-03-02,0,0,0
10,2020-03-03,0,0,0
10,2020-03-04,0,0,0
10,2020-03-05,0,0,0
10,2020-03-06,0,0,1
10,2020-03-07,0,0,0
10,2020-03-08,0,0,0
10,2020-03-09,0,0,0
10,2020-03-10,0,0,1
10,2020-03-11,0,0,4
10,2020-03-12,0,0,5
10,2020-03-13,0,0,6
10,2020-03-14,0,0,2
10,2020-03-15,0,0,7
10,2020-03-16,0,0,16
10,2020-03-17,0,0,24
10,2020-03-18,0,0,39
10,2020-03-19,1,0,69
10,2020-03-20,0,0,53
10,2020-03-21,1,0,64
10,2020-03-22,0,0,42
10,2020-03-23,2,0,70
10,2020-03-24,0,0,97
10,2020-03-25,8,0,97
10,2020-03-26,2,0,89
10,2020-03-27,10,0,59
10,2020-03-28,13,0,16
10,2020-03-29,0,0,26
10,2020-03-30,5,0,63
10,2020-03-31,3,0,94
10,2020-04-01,8,0,109
10,2020-04-02,17,0,154
10,2020-04-03,9,0,160
10,2020-04-04,9,0,128
10,2020-04-05,13,0,104
10,2020-04-06,10,1,179
10,2020-04-07,10,1,199
10,2020-04-08,17,1,175
10,2020-04-09,13,1,145
10,2020-04-10,6,0,105
10,2020-04-11,13,1,68
10,2020-04-12,4,0,57
10,2020-04-13,7,1,188
10,2020-04-14,16,0,168
10,2020-04-15,18,0,192
10,2020-04-16,8,0,180
10,2020-04-17,13,1,205
10,2020-04-18,15,4,89
10,2020-04-19,6,0,42
10,2020-04-20,13,4,160
10,2020-04-21,12,3,184
10,2020-04-22,16,2,159
10,2020-04-23,11,1,151
10,2020-04-24,13,3,281
10,2020-04-25,6,2,124
10,2020-04-26,8,2,127
10,2020-04-27,10,0,270
10,2020-04-28,13,0,256
10,2020-04-29,14,2,232
10,2020-04-30,11,1,231
10,2020-05-01,17,1,204
10,2020-05-02,6,1,170
10,2020-05-03,3,1,96
10,2020-05-04,9,2,579
10,2020-05-05,18,1,481
10,2020-05-06,22,1,531
10,2020-05-07,16,0,651
10,2020-05-08,14,1,569
10,2020-05-09,11,1,134
10,2020-05-10,8,0,105
10,2020-05-11,21,2,276
10,2020-05-12,20,2,194
10,2020-05-13,14,1,305
10,2020-05-14,19,1,318
10,2020-05-15,26,1,876
10,2020-05-16,43,0,165
10,2020-05-17,67,0,79
10,2020-05-18,6,2,334
10,2020-05-19,5,0,284
10,2020-05-20,18,0,293
10,2020-05-21,7,1,377
10,2020-05-22,26,0,341
10,2020-05-23,11,2,167
10,2020-05-24,16,0,115
10,2020-05-25,4,0,81
10,2020-05-26,6,0,370
10,2020-05-27,16,1,257
10,2020-05-28,20,0,356
10,2020-05-29,9,0,378
10,2020-05-30,14,0,192
10,2020-05-31,11,0,182
10,2020-06-01,11,1,426
10,2020-06-02,14,0,293
10,2020-06-03,14,1,434
10,2020-06-04,16,0,476
10,2020-06-05,16,2,467
10,2020-06-06,18,0,181
10,2020-06-07,12,0,157
10,2020-06-08,14,0,425
10,2020-06-09,10,0,247
10,2020-06-10,18,0,398
10,2020-06-11,22,0,953
10,2020-06-12,22,1,725
10,2020-06-13,22,0,379
10,2020-06-14,10,1,188
10,2020-06-15,8,0,909
10,2020-06-16,12,0,684
10,2020-06-17,20,0,636
10,2020-06-18,7,3,869
10,2020-06-19,12,1,827
10,2020-06-20,15,0,387
10,2020-06-21,11,0,127
10,2020-06-22,8,1,793
10,2020-06-23,19,0,511
10,2020-06-24,23,0,663
10,2020-06-25,13,2,553
10,2020-06-26,22,0,670
10,2020-06-27,25,1,316
10,2020-06-28,21,1,312
10,2020-06-29,19,1,711
10,2020-06-30,36,0,697
10,2020-07-01,44,0,570
10,2020-07-02,49,0,716
10,2020-07-03,42,1,584
10,2020-07-04,48,0,287
10,2020-07-05,35,0,384
10,2020-07-06,58,0,867
10,2020-07-07,46,0,895
10,2020-07-08,65,0,822
10,2020-07-09,101,0,1058
10,2020-07-10,78,1,1041
10,2020-07-11,70,0,921
10,2020-07-12,70,1,726
10,2020-07-13,118,0,1133
10,2020-07-14,102,1,1341
10,2020-07-15,99,0,1202
10,2020-07-16,93,1,1464
10,2020-07-17,96,0,1351
10,2020-07-18,134,0,750
10,2020-07-19,81,0,601
10,2020-07-20,80,0,1157
10,2020-07-21,114,2,1226
10,2020-07-22,95,2,1231
10,2020-07-23,111,2,1145
10,2020-07-24,101,1,1120
10,2020-07-25,96,1,492
10,2020-07-26,46,1,327
10,2020-07-27,87,0,873
10,2020-07-28,76,0,929
10,2020-07-29,93,4,879
10,2020-07-30,96,4,869
10,2020-07-31,99,1,815
10,2020-08-01,68,0,491
10,2020-08-02,55,0,348
10,2020-08-03,77,1,854
10,2020-08-04,77,1,909
10,2020-08-05,91,0,789
10,2020-08-06,116,1,858
10,2020-08-07,72,1,897
10,2020-08-08,81,0,451
10,2020-08-09,60,0,271
10,2020-08-10,55,1,903
10,2020-08-11,52,1,844
10,2020-08-12,73,2,816
10,2020-08-13,88,0,742
10,2020-08-14,90,2,795
10,2020-08-15,53,2,384
10,2020-08-16,53,2,305
10,2020-08-17,70,2,979
10,2020-08-18,68,0,955
10,2020-08-19,99,2,877
10,2020-08-20,110,0,830
10,2020-08-21,91,2,894
10,2020-08-22,37,1,394
10,2020-08-23,51,1,424
10,2020-08-24,58,2,995
10,2020-08-25,108,0,896
10,2020-08-26,94,0,882
10,2020-08-27,110,2,932
10,2020-08-28,87,0,985
10,2020-08-29,80,0,425
10,2020-08-30,75,0,297
10,2020-08-31,56,2,1015
10,2020-09-01,62,0,966
10,2020-09-02,85,2,902
10,2020-09-03,95,0,818
10,2020-09-04,99,2,712
10,2020-09-05,66,0,383
10,2020-09-06,55,0,280
10,2020-09-07,65,2,285
10,2020-09-08,42,0,563
10,2020-09-09,127,0,47
2,2020-02-26,0,0,0
2,2020-02-27,0,0,0
2,2020-02-29,0,0,0
2,2020-03-02,0,0,0
2,2020-03-03,0,0,0
2,2020-03-04,0,0,0
2,2020-03-05,0,0,1
2,2020-03-06,0,0,0
2,2020-03-07,0,0,0
2,2020-03-08,0,0,1
2,2020-03-09,0,0,2
2,2020-03-10,0,0,2
2,2020-03-11,0,0,10
2,2020-03-12,1,0,31
2,2020-03-13,0,0,57
2,2020-03-14,0,0,37
2,2020-03-15,0,0,32
2,2020-03-16,0,0,137
2,2020-03-17,0,0,125
2,2020-03-18,2,0,90
2,2020-03-19,3,0,134
2,2020-03-20,1,0,119
2,2020-03-21,2,0,56
2,2020-03-22,4,0,45
2,2020-03-23,7,1,145
2,2020-03-24,5,0,108
2,2020-03-25,5,0,161
2,2020-03-26,12,0,145
2,2020-03-27,7,0,123
2,2020-03-28,2,0,47
2,2020-03-29,6,1,36
2,2020-03-30,22,1,144
2,2020-03-31,9,0,118
2,2020-04-01,15,1,126
2,2020-04-02,13,0,147
2,2020-04-03,23,0,121
2,2020-04-04,21,0,73
2,2020-04-05,17,1,77
2,2020-04-06,26,0,180
2,2020-04-07,20,0,174
2,2020-04-08,19,1,132
2,2020-04-09,25,0,192
2,2020-04-10,22,1,162
2,2020-04-11,26,1,89
2,2020-04-12,11,1,144
2,2020-04-13,55,1,357
2,2020-04-14,45,0,491
2,2020-04-15,50,2,455
2,2020-04-16,60,0,469
2,2020-04-17,54,1,392
2,2020-04-18,19,1,176
2,2020-04-19,24,1,198
2,2020-04-20,37,0,556
2,2020-04-21,29,1,441
2,2020-04-22,40,3,495
2,2020-04-23,59,0,628
2,2020-04-24,64,2,479
2,2020-04-25,48,3,201
2,2020-04-26,30,2,168
2,2020-04-27,45,4,585
2,2020-04-28,36,0,616
2,2020-04-29,24,0,795
2,2020-04-30,26,3,754
2,2020-05-01,7,3,625
2,2020-05-02,34,2,273
2,2020-05-03,21,5,160
2,2020-05-04,40,0,642
2,2020-05-05,48,5,613
2,2020-05-06,45,0,668
2,2020-05-07,64,1,841
2,2020-05-08,41,1,695
2,2020-05-09,75,2,298
2,2020-05-10,36,1,147
2,2020-05-11,58,3,904
2,2020-05-12,30,1,822
2,2020-05-13,92,2,779
2,2020-05-14,49,1,779
2,2020-05-15,67,1,1086
2,2020-05-16,56,1,289
2,2020-05-17,37,0,228
2,2020-05-18,80,3,1009
2,2020-05-19,94,2,990
2,2020-05-20,91,1,948
2,2020-05-21,79,2,966
2,2020-05-22,80,0,1136
2,2020-05-23,88,2,312
2,2020-05-24,42,0,165
2,2020-05-25,103,0,141
2,2020-05-26,34,0,1251
2,2020-05-27,39,0,922
2,2020-05-28,105,2,956
2,2020-05-29,137,2,1127
2,2020-05-30,85,3,361
2,2020-05-31,55,1,279
2,2020-06-01,108,1,1226
2,2020-06-02,86,1,1036
2,2020-06-03,129,1,1151
2,2020-06-04,146,1,1172
2,2020-06-05,91,4,1239
2,2020-06-06,149,0,390
2,2020-06-07,56,0,240
2,2020-06-08,90,1,1534
2,2020-06-09,76,2,1100
2,2020-06-10,108,2,1330
2,2020-06-11,88,3,1445
2,2020-06-12,147,0,1447
2,2020-06-13,108,1,604
2,2020-06-14,107,2,264
2,2020-06-15,125,2,1681
2,2020-06-16,59,0,1403
2,2020-06-17,180,3,1644
2,2020-06-18,116,2,1380
2,2020-06-19,101,0,1338
2,2020-06-20,101,3,421
2,2020-06-21,52,0,225
2,2020-06-22,77,3,1302
2,2020-06-23,73,1,1408
2,2020-06-24,170,1,1227
2,2020-06-25,99,3,1251
2,2020-06-26,122,3,1267
2,2020-06-27,89,2,396
2,2020-06-28,50,1,339
2,2020-06-29,65,0,1408
2,2020-06-30,83,2,1287
2,2020-07-01,73,1,1310
2,2020-07-02,64,0,1289
2,2020-07-03,176,2,525
2,2020-07-04,133,2,181
2,2020-07-05,43,6,350
2,2020-07-06,44,5,1466
2,2020-07-07,118,2,1528
2,2020-07-08,82,2,1441
2,2020-07-09,78,4,1230
2,2020-07-10,140,0,1431
2,2020-07-11,146,3,350
2,2020-07-12,128,3,340
2,2020-07-13,100,0,1745
2,2020-07-14,179,1,1714
2,2020-07-15,111,2,1757
2,2020-07-16,141,4,1965
2,2020-07-17,119,4,1670
2,2020-07-18,175,2,445
2,2020-07-19,110,3,220
2,2020-07-20,90,3,1377
2,2020-07-21,148,1,1571
2,2020-07-22,104,5,1561
2,2020-07-23,145,1,1510
2,2020-07-24,128,3,1479
2,2020-07-25,106,4,448
2,2020-07-26,88,3,198
2,2020-07-27,63,0,1412
2,2020-07-28,71,1,2203
2,2020-07-29,141,5,1744
2,2020-07-30,124,1,1372
2,2020-07-31,143,0,1409
2,2020-08-01,82,3,409
2,2020-08-02,59,1,260
2,2020-08-03,86,1,1452
2,2020-08-04,101,5,1402
2,2020-08-05,140,0,1673
2,2020-08-06,164,2,1325
2,2020-08-07,116,2,1456
2,2020-08-08,136,1,526
2,2020-08-09,104,1,262
2,2020-08-10,93,2,1228
2,2020-08-11,71,2,1463
2,2020-08-12,125,1,1382
2,2020-08-13,164,5,1314
2,2020-08-14,122,1,1441
2,2020-08-15,64,3,553
2,2020-08-16,88,0,341
2,2020-08-17,106,1,1397
2,2020-08-18,67,1,1333
2,2020-08-19,158,0,1435
2,2020-08-20,252,2,1200
2,2020-08-21,211,1,1461
2,2020-08-22,84,0,551
2,2020-08-23,94,0,444
2,2020-08-24,182,3,1601
2,2020-08-25,193,0,1612
2,2020-08-26,168,1,1319
2,2020-08-27,92,3,1274
2,2020-08-28,115,0,1122
2,2020-08-29,109,1,613
2,2020-08-30,86,1,443
2,2020-08-31,56,1,1392
2,2020-09-01,64,0,1379
2,2020-09-02,185,1,1166
2,2020-09-03,109,1,1121
2,2020-09-04,121,1,1143
2,2020-09-05,69,0,414
2,2020-09-06,48,0,338
2,2020-09-07,38,1,206
2,2020-09-08,132,0,339
2,2020-09-09,60,1,9
3,2020-02-26,0,0,0
3,2020-02-27,0,0,0
3,2020-02-29,0,0,0
3,2020-03-02,0,0,0
3,2020-03-03,0,0,1
3,2020-03-04,0,0,0
3,2020-03-05,0,0,1
3,2020-03-06,0,0,2
3,2020-03-07,0,0,1
3,2020-03-08,1,0,4
3,2020-03-09,1,0,7
3,2020-03-10,0,0,16
3,2020-03-11,0,0,4
3,2020-03-12,0,0,16
3,2020-03-13,1,0,16
3,2020-03-14,0,0,9
3,2020-03-15,0,0,6
3,2020-03-16,0,0,21
3,2020-03-17,0,0,34
3,2020-03-18,1,0,62
3,2020-03-19,1,0,35
3,2020-03-20,3,0,63
3,2020-03-21,0,0,54
3,2020-03-22,2,1,32
3,2020-03-23,1,0,93
3,2020-03-24,1,0,91
3,2020-03-25,1,0,80
3,2020-03-26,17,0,90
3,2020-03-27,4,0,89
3,2020-03-28,4,0,57
3,2020-03-29,5,0,56
3,2020-03-30,4,1,106
3,2020-03-31,12,1,86
3,2020-04-01,10,0,128
3,2020-04-02,18,1,150
3,2020-04-03,14,2,96
3,2020-04-04,8,0,65
3,2020-04-05,20,4,74
3,2020-04-06,18,0,113
3,2020-04-07,12,3,94
3,2020-04-08,20,2,149
3,2020-04-09,23,0,110
3,2020-04-10,21,3,98
3,2020-04-11,17,0,62
3,2020-04-12,12,1,45
3,2020-04-13,16,6,421
3,2020-04-14,22,1,276
3,2020-04-15,58,2,294
3,2020-04-16,53,1,270
3,2020-04-17,33,3,310
3,2020-04-18,13,2,76
3,2020-04-19,29,3,81
3,2020-04-20,16,6,384
3,2020-04-21,13,6,290
3,2020-04-22,54,4,386
3,2020-04-23,27,1,399
3,2020-04-24,34,3,413
3,2020-04-25,47,5,151
3,2020-04-26,83,3,205
3,2020-04-27,28,5,306
3,2020-04-28,53,4,387
3,2020-04-29,47,2,374
3,2020-04-30,44,1,643
3,2020-05-01,38,4,713
3,2020-05-02,35,1,221
3,2020-05-03,70,1,100
3,2020-05-04,84,1,371
3,2020-05-05,36,2,336
3,2020-05-06,33,0,396
3,2020-05-07,36,1,683
3,2020-05-08,26,1,702
3,2020-05-09,23,2,157
3,2020-05-10,21,2,93
3,2020-05-11,46,0,500
3,2020-05-12,16,2,410
3,2020-05-13,42,0,731
3,2020-05-14,66,3,1196
3,2020-05-15,42,2,1207
3,2020-05-16,18,0,190
3,2020-05-17,38,3,188
3,2020-05-18,24,0,577
3,2020-05-19,57,0,545
3,2020-05-20,44,0,590
3,2020-05-21,66,1,872
3,2020-05-22,37,0,716
3,2020-05-23,41,1,202
3,2020-05-24,55,2,156
3,2020-05-25,42,2,136
3,2020-05-26,48,1,813
3,2020-05-27,80,0,675
3,2020-05-28,45,3,903
3,2020-05-29,136,2,972
3,2020-05-30,30,1,186
3,2020-05-31,60,0,118
3,2020-06-01,69,0,897
3,2020-06-02,81,2,678
3,2020-06-03,83,1,891
3,2020-06-04,91,0,936
3,2020-06-05,84,2,890
3,2020-06-06,83,1,283
3,2020-06-07,40,0,197
3,2020-06-08,75,3,1730
3,2020-06-09,94,3,808
3,2020-06-10,96,1,1141
3,2020-06-11,89,2,1291
3,2020-06-12,80,2,1182
3,2020-06-13,84,3,483
3,2020-06-14,61,4,197
3,2020-06-15,79,6,1268
3,2020-06-16,53,0,1250
3,2020-06-17,90,4,1245
3,2020-06-18,57,5,1371
3,2020-06-19,73,4,1131
3,2020-06-20,77,0,365
3,2020-06-21,52,4,150
3,2020-06-22,29,5,1097
3,2020-06-23,46,0,1011
3,2020-06-24,72,3,1062
3,2020-06-25,71,2,1067
3,2020-06-26,68,1,1125
3,2020-06-27,50,4,326
3,2020-06-28,41,0,231
3,2020-06-29,40,3,916
3,2020-06-30,49,3,895
3,2020-07-01,31,4,776
3,2020-07-02,47,2,768
3,2020-07-03,45,2,398
3,2020-07-04,53,1,99
3,2020-07-05,39,2,195
3,2020-07-06,27,1,941
3,2020-07-07,30,0,810
3,2020-07-08,58,1,871
3,2020-07-09,75,1,765
3,2020-07-10,62,3,853
3,2020-07-11,27,2,252
3,2020-07-12,31,3,201
3,2020-07-13,25,4,956
3,2020-07-14,45,1,1035
3,2020-07-15,46,1,1004
3,2020-07-16,49,0,922
3,2020-07-17,62,1,923
3,2020-07-18,60,0,328
3,2020-07-19,51,1,213
3,2020-07-20,70,2,971
3,2020-07-21,41,0,942
3,2020-07-22,73,0,1045
3,2020-07-23,73,1,818
3,2020-07-24,60,1,870
3,2020-07-25,67,1,274
3,2020-07-26,40,2,176
3,2020-07-27,64,0,992
3,2020-07-28,34,0,906
3,2020-07-29,68,2,972
3,2020-07-30,52,0,888
3,2020-07-31,90,1,914
3,2020-08-01,100,1,310
3,2020-08-02,36,1,197
3,2020-08-03,36,0,953
3,2020-08-04,60,0,881
3,2020-08-05,67,0,936
3,2020-08-06,107,1,1013
3,2020-08-07,68,1,1053
3,2020-08-08,110,1,403
3,2020-08-09,53,0,241
3,2020-08-10,89,1,1230
3,2020-08-11,67,2,891
3,2020-08-12,118,1,1031
3,2020-08-13,86,1,1224
3,2020-08-14,114,0,1264
3,2020-08-15,81,0,305
3,2020-08-16,58,1,279
3,2020-08-17,50,4,1277
3,2020-08-18,41,1,1225
3,2020-08-19,92,1,1209
3,2020-08-20,85,2,1062
3,2020-08-21,118,0,988
3,2020-08-22,47,1,347
3,2020-08-23,49,3,244
3,2020-08-24,86,3,1232
3,2020-08-25,75,2,1191
3,2020-08-26,108,0,1129
3,2020-08-27,43,1,1100
3,2020-08-28,112,1,1136
3,2020-08-29,75,3,365
3,2020-08-30,73,1,346
3,2020-08-31,45,1,1215
3,2020-09-01,88,0,1011
3,2020-09-02,122,0,968
3,2020-09-03,82,0,992
3,2020-09-04,112,1,893
3,2020-09-05,72,3,402
3,2020-09-06,58,4,188
3,2020-09-07,61,1,228
3,2020-09-08,102,1,611
3,2020-09-09,77,0,18
4,2020-02-26,0,0,0
4,2020-02-27,0,0,0
4,2020-02-29,0,0,0
4,2020-03-02,0,0,0
4,2020-03-03,0,0,0
4,2020-03-04,0,0,2
4,2020-03-05,0,0,0
4,2020-03-06,0,0,1
4,2020-03-07,0,0,0
4,2020-03-08,0,0,0
4,2020-03-09,0,0,0
4,2020-03-10,0,0,3
4,2020-03-11,0,0,3
4,2020-03-12,0,0,8
4,2020-03-13,0,0,10
4,2020-03-14,0,0,4
4,2020-03-15,0,0,3
4,2020-03-16,0,0,26
4,2020-03-17,0,0,17
4,2020-03-18,1,0,31
4,2020-03-19,1,0,59
4,2020-03-20,0,0,45
4,2020-03-21,0,0,23
4,2020-03-22,0,0,23
4,2020-03-23,2,0,70
4,2020-03-24,1,0,66
4,2020-03-25,4,0,93
4,2020-03-26,6,0,92
4,2020-03-27,5,1,81
4,2020-03-28,2,0,63
4,2020-03-29,5,0,53
4,2020-03-30,1,1,77
4,2020-03-31,5,0,119
4,2020-04-01,8,1,109
4,2020-04-02,11,0,91
4,2020-04-03,8,0,127
4,2020-04-04,2,0,55
4,2020-04-05,6,0,29
4,2020-04-06,11,0,69
4,2020-04-07,9,1,94
4,2020-04-08,10,1,123
4,2020-04-09,6,0,79
4,2020-04-10,7,1,116
4,2020-04-11,8,1,52
4,2020-04-12,7,0,39
4,2020-04-13,4,0,94
4,2020-04-14,9,1,129
4,2020-04-15,10,0,114
4,2020-04-16,20,0,163
4,2020-04-17,7,0,171
4,2020-04-18,25,0,77
4,2020-04-19,23,0,84
4,2020-04-20,21,0,307
4,2020-04-21,36,0,184
4,2020-04-22,75,0,200
4,2020-04-23,65,0,1160
4,2020-04-24,77,0,511
4,2020-04-25,290,0,113
4,2020-04-26,465,0,102
4,2020-04-27,97,0,419
4,2020-04-28,42,1,390
4,2020-04-29,84,0,434
4,2020-04-30,85,0,963
4,2020-05-01,30,0,1449
4,2020-05-02,165,0,140
4,2020-05-03,145,0,117
4,2020-05-04,57,2,415
4,2020-05-05,55,1,306
4,2020-05-06,69,3,447
4,2020-05-07,53,0,550
4,2020-05-08,56,1,406
4,2020-05-09,26,3,253
4,2020-05-10,37,0,60
4,2020-05-11,49,3,454
4,2020-05-12,36,3,440
4,2020-05-13,22,1,427
4,2020-05-14,31,3,437
4,2020-05-15,44,0,575
4,2020-05-16,26,1,134
4,2020-05-17,19,2,82
4,2020-05-18,36,3,600
4,2020-05-19,47,1,496
4,2020-05-20,58,0,545
4,2020-05-21,28,2,504
4,2020-05-22,33,2,505
4,2020-05-23,41,0,199
4,2020-05-24,25,0,88
4,2020-05-25,13,1,125
4,2020-05-26,16,0,365
4,2020-05-27,8,0,296
4,2020-05-28,17,0,339
4,2020-05-29,14,0,484
4,2020-05-30,19,0,139
4,2020-05-31,18,0,78
4,2020-06-01,18,1,471
4,2020-06-02,5,1,241
4,2020-06-03,17,0,409
4,2020-06-04,12,3,347
4,2020-06-05,15,1,423
4,2020-06-06,16,0,171
4,2020-06-07,7,0,91
4,2020-06-08,10,1,518
4,2020-06-09,6,0,334
4,2020-06-10,10,0,549
4,2020-06-11,14,0,586
4,2020-06-12,17,1,731
4,2020-06-13,14,0,362
4,2020-06-14,13,0,60
4,2020-06-15,8,0,751
4,2020-06-16,6,1,630
4,2020-06-17,14,1,603
4,2020-06-18,19,0,529
4,2020-06-19,36,0,433
4,2020-06-20,16,0,169
4,2020-06-21,13,1,99
4,2020-06-22,6,0,495
4,2020-06-23,5,0,476
4,2020-06-24,21,0,576
4,2020-06-25,40,0,466
4,2020-06-26,21,0,577
4,2020-06-27,17,1,206
4,2020-06-28,21,1,100
4,2020-06-29,16,0,528
4,2020-06-30,14,0,422
4,2020-07-01,25,0,376
4,2020-07-02,28,0,498
4,2020-07-03,20,0,283
4,2020-07-04,26,0,96
4,2020-07-05,14,1,134
4,2020-07-06,5,0,636
4,2020-07-07,13,0,500
4,2020-07-08,15,1,388
4,2020-07-09,23,0,331
4,2020-07-10,18,0,434
4,2020-07-11,13,0,241
4,2020-07-12,13,0,132
4,2020-07-13,20,1,610
4,2020-07-14,19,0,598
4,2020-07-15,25,1,602
4,2020-07-16,30,0,671
4,2020-07-17,39,0,678
4,2020-07-18,35,0,352
4,2020-07-19,21,0,121
4,2020-07-20,16,0,680
4,2020-07-21,32,1,628
4,2020-07-22,38,0,641
4,2020-07-23,37,0,666
4,2020-07-24,49,0,742
4,2020-07-25,29,0,265
4,2020-07-26,16,0,130
4,2020-07-27,37,0,736
4,2020-07-28,31,0,600
4,2020-07-29,33,0,485
4,2020-07-30,55,0,603
4,2020-07-31,59,0,654
4,2020-08-01,29,0,259
4,2020-08-02,23,0,145
4,2020-08-03,24,1,733
4,2020-08-04,47,0,824
4,2020-08-05,56,0,691
4,2020-08-06,77,1,736
4,2020-08-07,63,0,769
4,2020-08-08,50,0,329
4,2020-08-09,25,0,172
4,2020-08-10,41,1,847
4,2020-08-11,27,1,686
4,2020-08-12,35,1,685
4,2020-08-13,59,1,700
4,2020-08-14,60,2,810
4,2020-08-15,36,1,260
4,2020-08-16,26,1,203
4,2020-08-17,23,0,990
4,2020-08-18,15,0,790
4,2020-08-19,45,3,804
4,2020-08-20,49,2,936
4,2020-08-21,60,1,965
4,2020-08-22,19,1,399
4,2020-08-23,48,1,238
4,2020-08-24,16,0,1066
4,2020-08-25,38,1,709
4,2020-08-26,44,0,991
4,2020-08-27,39,1,725
4,2020-08-28,62,1,923
4,2020-08-29,37,0,473
4,2020-08-30,29,1,287
4,2020-08-31,22,0,1452
4,2020-09-01,61,2,1271
4,2020-09-02,33,0,1486
4,2020-09-03,75,0,1009
4,2020-09-04,40,0,842
4,2020-09-05,40,0,327
4,2020-09-06,29,0,251
4,2020-09-07,12,0,599
4,2020-09-08,36,0,621
4,2020-09-09,39,0,15
5,2020-02-26,0,0,0
5,2020-02-27,0,0,1
5,2020-02-29,0,0,0
5,2020-03-02,0,0,2
5,2020-03-03,0,0,2
5,2020-03-04,0,0,2
5,2020-03-05,0,0,0
5,2020-03-06,1,0,2
5,2020-03-07,0,0,3
5,2020-03-08,2,0,4
5,2020-03-09,0,0,9
5,2020-03-10,4,0,20
5,2020-03-11,1,0,26
5,2020-03-12,0,0,86
5,2020-03-13,1,0,117
5,2020-03-14,0,0,59
5,2020-03-15,8,1,55
5,2020-03-16,0,1,255
5,2020-03-17,4,2,277
5,2020-03-18,8,0,275
5,2020-03-19,12,0,404
5,2020-03-20,31,4,1021
5,2020-03-21,53,4,278
5,2020-03-22,39,3,680
5,2020-03-23,63,4,578
5,2020-03-24,86,3,769
5,2020-03-25,98,3,1332
5,2020-03-26,196,5,1585
5,2020-03-27,163,1,1122
5,2020-03-28,170,8,748
5,2020-03-29,189,11,1119
5,2020-03-30,216,7,768
5,2020-03-31,273,10,1134
5,2020-04-01,254,11,1286
5,2020-04-02,179,12,1365
5,2020-04-03,267,20,1497
5,2020-04-04,270,17,922
5,2020-04-05,321,18,515
5,2020-04-06,294,14,1145
5,2020-04-07,233,20,1230
5,2020-04-08,166,11,1442
5,2020-04-09,304,20,1288
5,2020-04-10,205,15,1334
5,2020-04-11,245,8,727
5,2020-04-12,177,19,224
5,2020-04-13,96,13,1241
5,2020-04-14,208,29,1456
5,2020-04-15,164,19,1146
5,2020-04-16,286,18,1590
5,2020-04-17,197,17,1833
5,2020-04-18,355,13,711
5,2020-04-19,243,18,342
5,2020-04-20,184,22,1341
5,2020-04-21,134,25,1436
5,2020-04-22,271,25,1394
5,2020-04-23,237,25,1083
5,2020-04-24,297,20,1045
5,2020-04-25,113,22,1012
5,2020-04-26,162,13,495
5,2020-04-27,202,22,1579
5,2020-04-28,279,19,1862
5,2020-04-29,289,25,1976
5,2020-04-30,350,20,1707
5,2020-05-01,355,9,1900
5,2020-05-02,266,25,1513
5,2020-05-03,205,13,682
5,2020-05-04,147,22,2027
5,2020-05-05,467,14,1980
5,2020-05-06,222,24,1888
5,2020-05-07,233,16,1919
5,2020-05-08,267,11,2012
5,2020-05-09,132,11,946
5,2020-05-10,239,12,395
5,2020-05-11,175,15,2257
5,2020-05-12,113,16,2812
5,2020-05-13,246,13,2623
5,2020-05-14,237,20,2478
5,2020-05-15,215,13,2653
5,2020-05-16,212,12,964
5,2020-05-17,153,15,490
5,2020-05-18,187,10,2934
5,2020-05-19,158,10,2368
5,2020-05-20,238,20,1869
5,2020-05-21,149,12,2227
5,2020-05-22,150,10,2440
5,2020-05-23,129,11,762
5,2020-05-24,79,3,587
5,2020-05-25,113,5,659
5,2020-05-26,140,8,2414
5,2020-05-27,223,6,1931
5,2020-05-28,139,8,1861
5,2020-05-29,147,5,2194
5,2020-05-30,90,6,857
5,2020-05-31,65,8,475
5,2020-06-01,102,6,2195
5,2020-06-02,108,5,1457
5,2020-06-03,85,13,1688
5,2020-06-04,126,9,1746
5,2020-06-05,122,7,2186
5,2020-06-06,71,4,1326
5,2020-06-07,55,8,640
5,2020-06-08,115,7,2477
5,2020-06-09,56,10,1843
5,2020-06-10,66,8,2002
5,2020-06-11,129,4,2093
5,2020-06-12,71,4,2268
5,2020-06-13,87,1,1225
5,2020-06-14,76,7,442
5,2020-06-15,104,4,2906
5,2020-06-16,45,4,2483
5,2020-06-17,97,3,2330
5,2020-06-18,76,7,2304
5,2020-06-19,87,6,2708
5,2020-06-20,77,2,1291
5,2020-06-21,47,2,532
5,2020-06-22,89,2,3145
5,2020-06-23,49,2,2803
5,2020-06-24,69,5,2381
5,2020-06-25,84,2,2485
5,2020-06-26,120,4,2628
5,2020-06-27,71,1,1241
5,2020-06-28,75,2,1052
5,2020-06-29,84,0,2938
5,2020-06-30,98,1,2450
5,2020-07-01,90,3,2159
5,2020-07-02,126,1,2549
5,2020-07-03,78,3,1667
5,2020-07-04,146,3,662
5,2020-07-05,92,1,823
5,2020-07-06,92,3,3073
5,2020-07-07,80,2,2456
5,2020-07-08,109,0,2246
5,2020-07-09,195,2,2386
5,2020-07-10,182,1,2683
5,2020-07-11,105,1,1502
5,2020-07-12,87,3,1111
5,2020-07-13,158,2,3324
5,2020-07-14,142,2,2937
5,2020-07-15,153,2,2854
5,2020-07-16,196,0,3176
5,2020-07-17,230,1,3799
5,2020-07-18,230,1,1799
5,2020-07-19,149,3,1028
5,2020-07-20,233,3,3864
5,2020-07-21,174,1,3496
5,2020-07-22,254,1,3246
5,2020-07-23,285,1,3339
5,2020-07-24,257,0,3358
5,2020-07-25,247,2,1838
5,2020-07-26,182,0,879
5,2020-07-27,224,2,3464
5,2020-07-28,207,2,3299
5,2020-07-29,271,2,2988
5,2020-07-30,268,1,2991
5,2020-07-31,262,4,3375
5,2020-08-01,234,4,1584
5,2020-08-02,209,3,827
5,2020-08-03,273,3,3636
5,2020-08-04,200,1,3422
5,2020-08-05,268,2,3239
5,2020-08-06,327,2,3310
5,2020-08-07,349,2,3288
5,2020-08-08,274,3,1510
5,2020-08-09,199,0,983
5,2020-08-10,228,1,3923
5,2020-08-11,213,3,3486
5,2020-08-12,239,1,3613
5,2020-08-13,279,2,3692
5,2020-08-14,268,1,4225
5,2020-08-15,205,0,1838
5,2020-08-16,116,3,1134
5,2020-08-17,291,3,3948
5,2020-08-18,157,1,4174
5,2020-08-19,238,1,3759
5,2020-08-20,264,1,3824
5,2020-08-21,266,0,3325
5,2020-08-22,162,1,1325
5,2020-08-23,153,2,696
5,2020-08-24,194,1,3275
5,2020-08-25,229,1,3135
5,2020-08-26,287,0,2773
5,2020-08-27,209,2,2822
5,2020-08-28,272,2,2854
5,2020-08-29,208,1,1229
5,2020-08-30,255,0,605
5,2020-08-31,167,1,2925
5,2020-09-01,267,1,2700
5,2020-09-02,222,1,2337
5,2020-09-03,220,1,2442
5,2020-09-04,225,3,2343
5,2020-09-05,217,0,994
5,2020-09-06,119,2,508
5,2020-09-07,69,1,550
5,2020-09-08,134,3,848
5,2020-09-09,170,0,25
6,2020-02-26,0,0,0
6,2020-02-27,0,0,0
6,2020-02-29,0,0,0
6,2020-03-02,0,0,0
6,2020-03-03,0,0,0
6,2020-03-04,0,0,0
6,2020-03-05,0,0,0
6,2020-03-06,0,0,0
6,2020-03-07,0,0,0
6,2020-03-08,0,0,0
6,2020-03-09,0,0,2
6,2020-03-10,1,0,1
6,2020-03-11,0,0,3
6,2020-03-12,0,0,11
6,2020-03-13,0,0,11
6,2020-03-14,0,0,6
6,2020-03-15,1,0,4
6,2020-03-16,0,0,39
6,2020-03-17,2,0,52
6,2020-03-18,3,1,71
6,2020-03-19,1,0,69
6,2020-03-20,2,0,83
6,2020-03-21,5,1,59
6,2020-03-22,4,0,50
6,2020-03-23,1,0,124
6,2020-03-24,6,1,124
6,2020-03-25,2,1,145
6,2020-03-26,11,0,148
6,2020-03-27,11,0,172
6,2020-03-28,20,0,94
6,2020-03-29,20,2,101
6,2020-03-30,16,2,159
6,2020-03-31,28,4,166
6,2020-04-01,32,4,195
6,2020-04-02,21,3,184
6,2020-04-03,26,0,208
6,2020-04-04,34,3,109
6,2020-04-05,29,4,116
6,2020-04-06,48,3,179
6,2020-04-07,29,2,339
6,2020-04-08,20,4,228
6,2020-04-09,75,4,140
6,2020-04-10,43,0,164
6,2020-04-11,28,3,104
6,2020-04-12,23,2,56
6,2020-04-13,10,3,176
6,2020-04-14,18,5,183
6,2020-04-15,25,3,229
6,2020-04-16,41,6,253
6,2020-04-17,36,3,262
6,2020-04-18,55,3,144
6,2020-04-19,23,7,144
6,2020-04-20,27,2,291
6,2020-04-21,20,2,279
6,2020-04-22,19,3,378
6,2020-04-23,51,1,299
6,2020-04-24,39,2,270
6,2020-04-25,41,0,202
6,2020-04-26,46,4,142
6,2020-04-27,21,3,407
6,2020-04-28,30,1,334
6,2020-04-29,47,4,408
6,2020-04-30,31,6,354
6,2020-05-01,44,5,596
6,2020-05-02,19,3,255
6,2020-05-03,30,1,101
6,2020-05-04,26,1,404
6,2020-05-05,35,1,398
6,2020-05-06,38,0,512
6,2020-05-07,31,3,513
6,2020-05-08,42,1,557
6,2020-05-09,25,2,454
6,2020-05-10,24,1,107
6,2020-05-11,17,1,762
6,2020-05-12,28,3,521
6,2020-05-13,24,0,628
6,2020-05-14,48,2,631
6,2020-05-15,61,2,757
6,2020-05-16,30,3,283
6,2020-05-17,49,5,91
6,2020-05-18,19,4,780
6,2020-05-19,46,6,717
6,2020-05-20,65,1,517
6,2020-05-21,30,8,715
6,2020-05-22,31,1,855
6,2020-05-23,39,3,226
6,2020-05-24,29,2,142
6,2020-05-25,32,7,176
6,2020-05-26,32,5,868
6,2020-05-27,18,4,637
6,2020-05-28,42,1,538
6,2020-05-29,21,5,537
6,2020-05-30,23,4,261
6,2020-05-31,26,3,108
6,2020-06-01,19,4,679
6,2020-06-02,22,1,533
6,2020-06-03,15,2,565
6,2020-06-04,29,0,610
6,2020-06-05,16,0,663
6,2020-06-06,7,1,344
6,2020-06-07,13,3,105
6,2020-06-08,11,1,778
6,2020-06-09,6,4,604
6,2020-06-10,29,3,641
6,2020-06-11,13,1,1055
6,2020-06-12,21,2,1018
6,2020-06-13,20,1,448
6,2020-06-14,8,2,113
6,2020-06-15,10,0,1023
6,2020-06-16,10,2,872
6,2020-06-17,25,1,839
6,2020-06-18,13,2,985
6,2020-06-19,10,0,994
6,2020-06-20,13,4,486
6,2020-06-21,9,1,113
6,2020-06-22,13,1,1078
6,2020-06-23,17,0,807
6,2020-06-24,25,1,803
6,2020-06-25,25,0,645
6,2020-06-26,28,2,703
6,2020-06-27,12,0,305
6,2020-06-28,19,3,152
6,2020-06-29,21,1,864
6,2020-06-30,8,0,784
6,2020-07-01,15,1,589
6,2020-07-02,35,1,676
6,2020-07-03,31,0,389
6,2020-07-04,42,0,183
6,2020-07-05,18,0,141
6,2020-07-06,20,1,852
6,2020-07-07,14,1,839
6,2020-07-08,34,1,663
6,2020-07-09,39,1,775
6,2020-07-10,23,0,775
6,2020-07-11,35,1,380
6,2020-07-12,22,0,128
6,2020-07-13,42,0,1008
6,2020-07-14,35,0,961
6,2020-07-15,69,2,925
6,2020-07-16,29,1,1035
6,2020-07-17,40,0,1014
6,2020-07-18,70,1,483
6,2020-07-19,39,1,171
6,2020-07-20,37,2,1064
6,2020-07-21,34,1,1020
6,2020-07-22,96,2,898
6,2020-07-23,71,0,966
6,2020-07-24,64,1,1078
6,2020-07-25,51,0,441
6,2020-07-26,49,1,152
6,2020-07-27,54,0,1190
6,2020-07-28,42,1,1110
6,2020-07-29,87,2,1059
6,2020-07-30,84,0,1062
6,2020-07-31,72,2,1163
6,2020-08-01,48,1,418
6,2020-08-02,20,1,197
6,2020-08-03,107,1,1274
6,2020-08-04,55,0,1095
6,2020-08-05,107,1,1140
6,2020-08-06,95,2,1199
6,2020-08-07,93,3,1321
6,2020-08-08,88,3,497
6,2020-08-09,48,0,216
6,2020-08-10,76,0,1587
6,2020-08-11,80,0,1085
6,2020-08-12,130,5,1140
6,2020-08-13,73,2,1165
6,2020-08-14,131,2,1276
6,2020-08-15,71,0,452
6,2020-08-16,36,2,265
6,2020-08-17,68,2,1363
6,2020-08-18,53,0,1317
6,2020-08-19,79,1,1220
6,2020-08-20,80,0,1106
6,2020-08-21,78,1,1205
6,2020-08-22,64,4,492
6,2020-08-23,44,1,173
6,2020-08-24,61,0,1098
6,2020-08-25,69,0,1103
6,2020-08-26,112,0,1195
6,2020-08-27,67,2,1469
6,2020-08-28,152,2,1116
6,2020-08-29,137,0,534
6,2020-08-30,109,3,276
6,2020-08-31,135,4,1367
6,2020-09-01,87,0,1349
6,2020-09-02,183,0,1293
6,2020-09-03,181,0,1037
6,2020-09-04,175,0,1003
6,2020-09-05,126,2,326
6,2020-09-06,65,4,149
6,2020-09-07,45,1,182
6,2020-09-08,85,1,279
6,2020-09-09,79,0,23
7,2020-02-26,0,0,0
7,2020-02-27,0,0,0
7,2020-02-29,0,0,0
7,2020-03-02,0,0,0
7,2020-03-03,0,0,0
7,2020-03-04,0,0,0
7,2020-03-05,0,0,0
7,2020-03-06,0,0,0
7,2020-03-07,0,0,0
7,2020-03-08,0,0,0
7,2020-03-09,0,0,1
7,2020-03-10,0,0,0
7,2020-03-11,0,0,1
7,2020-03-12,0,0,3
7,2020-03-13,0,0,1
7,2020-03-14,0,0,3
7,2020-03-15,0,0,3
7,2020-03-16,0,0,10
7,2020-03-17,0,0,24
7,2020-03-18,1,0,17
7,2020-03-19,1,0,12
7,2020-03-20,1,0,24
7,2020-03-21,0,0,15
7,2020-03-22,0,0,10
7,2020-03-23,2,0,40
7,2020-03-24,3,0,38
7,2020-03-25,0,1,41
7,2020-03-26,1,1,50
7,2020-03-27,8,0,58
7,2020-03-28,7,0,35
7,2020-03-29,1,0,34
7,2020-03-30,5,0,60
7,2020-03-31,6,1,67
7,2020-04-01,9,0,67
7,2020-04-02,7,0,81
7,2020-04-03,6,0,77
7,2020-04-04,13,0,59
7,2020-04-05,13,0,34
7,2020-04-06,10,0,56
7,2020-04-07,12,0,100
7,2020-04-08,13,1,80
7,2020-04-09,8,2,73
7,2020-04-10,5,0,46
7,2020-04-11,8,1,40
7,2020-04-12,7,1,24
7,2020-04-13,6,1,156
7,2020-04-14,9,0,89
7,2020-04-15,14,2,84
7,2020-04-16,7,0,109
7,2020-04-17,13,1,85
7,2020-04-18,13,1,68
7,2020-04-19,3,1,32
7,2020-04-20,10,1,96
7,2020-04-21,1,1,78
7,2020-04-22,3,0,69
7,2020-04-23,7,0,60
7,2020-04-24,4,1,53
7,2020-04-25,1,1,73
7,2020-04-26,0,0,59
7,2020-04-27,2,0,124
7,2020-04-28,16,0,139
7,2020-04-29,8,0,178
7,2020-04-30,38,0,106
7,2020-05-01,10,0,140
7,2020-05-02,5,2,52
7,2020-05-03,3,1,51
7,2020-05-04,6,0,147
7,2020-05-05,8,0,193
7,2020-05-06,34,1,198
7,2020-05-07,24,0,198
7,2020-05-08,9,0,202
7,2020-05-09,4,2,80
7,2020-05-10,8,4,38
7,2020-05-11,8,1,313
7,2020-05-12,3,1,211
7,2020-05-13,20,0,270
7,2020-05-14,10,2,464
7,2020-05-15,26,2,396
7,2020-05-16,19,1,110
7,2020-05-17,7,0,86
7,2020-05-18,5,1,365
7,2020-05-19,15,1,218
7,2020-05-20,13,0,240
7,2020-05-21,4,2,386
7,2020-05-22,9,1,347
7,2020-05-23,11,1,117
7,2020-05-24,7,0,61
7,2020-05-25,2,1,51
7,2020-05-26,7,0,246
7,2020-05-27,12,0,201
7,2020-05-28,15,0,403
7,2020-05-29,9,0,294
7,2020-05-30,3,2,71
7,2020-05-31,0,0,47
7,2020-06-01,4,1,403
7,2020-06-02,9,0,212
7,2020-06-03,10,1,307
7,2020-06-04,4,1,280
7,2020-06-05,7,2,271
7,2020-06-06,13,0,97
7,2020-06-07,4,0,70
7,2020-06-08,6,0,445
7,2020-06-09,7,0,314
7,2020-06-10,4,0,312
7,2020-06-11,5,0,420
7,2020-06-12,2,1,431
7,2020-06-13,5,0,230
7,2020-06-14,3,0,56
7,2020-06-15,4,0,449
7,2020-06-16,3,0,416
7,2020-06-17,4,0,494
7,2020-06-18,4,0,246
7,2020-06-19,3,0,506
7,2020-06-20,2,0,126
7,2020-06-21,2,1,47
7,2020-06-22,1,0,455
7,2020-06-23,2,0,333
7,2020-06-24,2,0,267
7,2020-06-25,9,2,434
7,2020-06-26,5,0,334
7,2020-06-27,1,0,162
7,2020-06-28,4,0,57
7,2020-06-29,3,1,372
7,2020-06-30,4,0,281
7,2020-07-01,3,0,236
7,2020-07-02,7,0,250
7,2020-07-03,3,0,159
7,2020-07-04,7,0,51
7,2020-07-05,5,0,53
7,2020-07-06,3,0,392
7,2020-07-07,4,0,316
7,2020-07-08,10,1,303
7,2020-07-09,21,0,344
7,2020-07-10,9,0,376
7,2020-07-11,9,0,91
7,2020-07-12,12,0,56
7,2020-07-13,8,1,421
7,2020-07-14,13,0,369
7,2020-07-15,18,0,319
7,2020-07-16,12,1,381
7,2020-07-17,16,0,407
7,2020-07-18,18,0,113
7,2020-07-19,13,0,72
7,2020-07-20,16,0,513
7,2020-07-21,18,1,427
7,2020-07-22,32,0,372
7,2020-07-23,20,0,413
7,2020-07-24,35,0,394
7,2020-07-25,15,0,108
7,2020-07-26,4,0,58
7,2020-07-27,22,1,552
7,2020-07-28,16,0,464
7,2020-07-29,30,1,390
7,2020-07-30,32,0,463
7,2020-07-31,49,0,444
7,2020-08-01,27,0,128
7,2020-08-02,9,0,95
7,2020-08-03,65,0,554
7,2020-08-04,32,0,698
7,2020-08-05,73,0,549
7,2020-08-06,75,0,632
7,2020-08-07,55,1,687
7,2020-08-08,61,0,136
7,2020-08-09,34,0,90
7,2020-08-10,76,0,738
7,2020-08-11,39,1,553
7,2020-08-12,78,1,649
7,2020-08-13,56,1,674
7,2020-08-14,75,0,692
7,2020-08-15,50,0,146
7,2020-08-16,52,1,106
7,2020-08-17,71,0,873
7,2020-08-18,48,1,813
7,2020-08-19,76,0,687
7,2020-08-20,103,3,747
7,2020-08-21,74,0,612
7,2020-08-22,44,1,129
7,2020-08-23,26,1,99
7,2020-08-24,47,1,811
7,2020-08-25,42,2,666
7,2020-08-26,70,0,641
7,2020-08-27,57,1,645
7,2020-08-28,80,1,581
7,2020-08-29,43,1,135
7,2020-08-30,22,0,80
7,2020-08-31,88,0,762
7,2020-09-01,67,1,595
7,2020-09-02,39,0,560
7,2020-09-03,69,0,500
7,2020-09-04,30,1,497
7,2020-09-05,66,0,166
7,2020-09-06,32,1,69
7,2020-09-07,8,0,74
7,2020-09-08,41,0,87
7,2020-09-09,55,1,11
8,2020-02-26,0,0,1
8,2020-02-27,0,0,0
8,2020-02-29,0,0,1
8,2020-03-02,0,0,0
8,2020-03-03,0,0,0
8,2020-03-04,0,0,0
8,2020-03-05,0,0,0
8,2020-03-06,0,0,0
8,2020-03-07,0,0,0
8,2020-03-08,0,0,0
8,2020-03-09,0,0,0
8,2020-03-10,0,0,2
8,2020-03-11,0,0,1
8,2020-03-12,0,0,5
8,2020-03-13,0,0,3
8,2020-03-14,0,0,3
8,2020-03-15,1,0,5
8,2020-03-16,0,0,14
8,2020-03-17,0,0,13
8,2020-03-18,0,0,16
8,2020-03-19,0,0,24
8,2020-03-20,0,0,48
8,2020-03-21,6,0,14
8,2020-03-22,4,0,8
8,2020-03-23,2,0,54
8,2020-03-24,1,0,86
8,2020-03-25,7,0,67
8,2020-03-26,6,0,98
8,2020-03-27,11,0,78
8,2020-03-28,14,0,51
8,2020-03-29,8,0,47
8,2020-03-30,10,0,106
8,2020-03-31,10,1,93
8,2020-04-01,19,1,112
8,2020-04-02,33,2,117
8,2020-04-03,44,5,103
8,2020-04-04,34,0,93
8,2020-04-05,5,2,30
8,2020-04-06,20,2,88
8,2020-04-07,29,1,143
8,2020-04-08,30,0,133
8,2020-04-09,18,1,108
8,2020-04-10,49,1,95
8,2020-04-11,22,2,77
8,2020-04-12,10,0,39
8,2020-04-13,5,1,149
8,2020-04-14,12,2,118
8,2020-04-15,19,2,141
8,2020-04-16,23,2,123
8,2020-04-17,16,2,118
8,2020-04-18,20,0,138
8,2020-04-19,12,0,48
8,2020-04-20,7,0,152
8,2020-04-21,16,2,149
8,2020-04-22,27,2,159
8,2020-04-23,35,2,164
8,2020-04-24,41,2,116
8,2020-04-25,18,3,135
8,2020-04-26,32,2,132
8,2020-04-27,21,2,250
8,2020-04-28,7,3,211
8,2020-04-29,39,0,202
8,2020-04-30,58,1,161
8,2020-05-01,21,2,196
8,2020-05-02,8,1,203
8,2020-05-03,7,5,128
8,2020-05-04,48,5,235
8,2020-05-05,33,2,454
8,2020-05-06,38,4,359
8,2020-05-07,55,5,284
8,2020-05-08,41,2,341
8,2020-05-09,14,3,227
8,2020-05-10,21,2,81
8,2020-05-11,20,1,493
8,2020-05-12,22,2,308
8,2020-05-13,20,2,365
8,2020-05-14,24,4,340
8,2020-05-15,28,2,330
8,2020-05-16,28,0,163
8,2020-05-17,22,0,89
8,2020-05-18,17,1,412
8,2020-05-19,13,0,355
8,2020-05-20,15,1,271
8,2020-05-21,11,2,256
8,2020-05-22,19,0,331
8,2020-05-23,16,0,125
8,2020-05-24,11,3,122
8,2020-05-25,8,1,118
8,2020-05-26,9,1,346
8,2020-05-27,16,1,374
8,2020-05-28,16,1,318
8,2020-05-29,19,1,376
8,2020-05-30,16,3,177
8,2020-05-31,12,1,89
8,2020-06-01,8,1,471
8,2020-06-02,3,0,279
8,2020-06-03,11,2,347
8,2020-06-04,14,2,324
8,2020-06-05,5,0,342
8,2020-06-06,5,0,247
8,2020-06-07,7,0,104
8,2020-06-08,7,1,500
8,2020-06-09,8,0,309
8,2020-06-10,12,2,393
8,2020-06-11,9,2,505
8,2020-06-12,4,1,511
8,2020-06-13,11,1,234
8,2020-06-14,7,3,98
8,2020-06-15,9,0,504
8,2020-06-16,22,0,429
8,2020-06-17,13,0,568
8,2020-06-18,8,2,637
8,2020-06-19,4,2,447
8,2020-06-20,10,0,275
8,2020-06-21,4,1,102
8,2020-06-22,10,0,617
8,2020-06-23,2,0,486
8,2020-06-24,27,0,612
8,2020-06-25,12,0,519
8,2020-06-26,11,1,555
8,2020-06-27,14,0,241
8,2020-06-28,12,0,165
8,2020-06-29,22,1,678
8,2020-06-30,15,0,535
8,2020-07-01,19,0,448
8,2020-07-02,15,1,511
8,2020-07-03,22,0,257
8,2020-07-04,28,0,143
8,2020-07-05,8,0,129
8,2020-07-06,3,0,681
8,2020-07-07,14,0,502
8,2020-07-08,16,0,422
8,2020-07-09,22,0,455
8,2020-07-10,14,0,573
8,2020-07-11,13,0,249
8,2020-07-12,21,0,148
8,2020-07-13,24,1,677
8,2020-07-14,20,0,698
8,2020-07-15,24,1,594
8,2020-07-16,42,0,771
8,2020-07-17,59,0,718
8,2020-07-18,42,0,260
8,2020-07-19,24,0,128
8,2020-07-20,19,0,915
8,2020-07-21,16,2,763
8,2020-07-22,52,0,698
8,2020-07-23,59,1,753
8,2020-07-24,30,2,759
8,2020-07-25,43,0,302
8,2020-07-26,15,0,101
8,2020-07-27,40,0,778
8,2020-07-28,39,1,636
8,2020-07-29,43,0,572
8,2020-07-30,25,0,680
8,2020-07-31,42,0,644
8,2020-08-01,42,0,213
8,2020-08-02,11,0,116
8,2020-08-03,19,0,756
8,2020-08-04,15,0,618
8,2020-08-05,42,0,595
8,2020-08-06,53,0,702
8,2020-08-07,68,0,671
8,2020-08-08,32,0,219
8,2020-08-09,25,1,414
8,2020-08-10,42,2,1105
8,2020-08-11,32,0,867
8,2020-08-12,53,1,746
8,2020-08-13,48,1,779
8,2020-08-14,62,3,955
8,2020-08-15,55,0,226
8,2020-08-16,30,0,670
8,2020-08-17,41,2,1287
8,2020-08-18,20,0,1406
8,2020-08-19,43,1,1534
8,2020-08-20,65,1,1410
8,2020-08-21,57,0,1031
8,2020-08-22,40,1,747
8,2020-08-23,45,1,247
8,2020-08-24,33,0,755
8,2020-08-25,49,2,627
8,2020-08-26,58,1,676
8,2020-08-27,38,0,599
8,2020-08-28,49,0,604
8,2020-08-29,60,1,185
8,2020-08-30,84,0,99
8,2020-08-31,54,0,729
8,2020-09-01,69,0,663
8,2020-09-02,60,1,570
8,2020-09-03,43,0,536
8,2020-09-04,99,0,613
8,2020-09-05,60,0,189
8,2020-09-06,63,0,83
8,2020-09-07,34,1,131
8,2020-09-08,47,1,41
8,2020-09-09,44,0,4
9,2020-02-26,0,0,0
9,2020-02-27,0,0,0
9,2020-02-29,0,0,0
9,2020-03-02,0,0,0
9,2020-03-03,0,0,1
9,2020-03-04,0,0,0
9,2020-03-05,0,0,0
9,2020-03-06,0,0,0
9,2020-03-07,0,0,0
9,2020-03-08,0,0,0
9,2020-03-09,0,0,4
9,2020-03-10,0,0,4
9,2020-03-11,0,0,8
9,2020-03-12,0,0,7
9,2020-03-13,0,0,14
9,2020-03-14,0,0,4
9,2020-03-15,1,0,10
9,2020-03-16,2,0,71
9,2020-03-17,2,0,72
9,2020-03-18,0,0,89
9,2020-03-19,1,0,94
9,2020-03-20,5,0,113
9,2020-03-21,5,0,47
9,2020-03-22,3,1,48
9,2020-03-23,18,0,120
9,2020-03-24,5,1,115
9,2020-03-25,23,0,135
9,2020-03-26,34,2,139
9,2020-03-27,33,1,152
9,2020-03-28,32,3,57
9,2020-03-29,24,0,73
9,2020-03-30,34,1,176
9,2020-03-31,17,3,151
9,2020-04-01,66,4,145
9,2020-04-02,52,2,166
9,2020-04-03,38,3,151
9,2020-04-04,37,5,38
9,2020-04-05,49,3,46
9,2020-04-06,58,2,179
9,2020-04-07,23,3,142
9,2020-04-08,51,2,162
9,2020-04-09,34,3,144
9,2020-04-10,40,2,141
9,2020-04-11,23,1,35
9,2020-04-12,14,0,23
9,2020-04-13,56,3,269
9,2020-04-14,11,1,209
9,2020-04-15,32,6,228
9,2020-04-16,25,4,269
9,2020-04-17,48,3,329
9,2020-04-18,17,1,111
9,2020-04-19,33,1,26
9,2020-04-20,14,1,508
9,2020-04-21,30,5,366
9,2020-04-22,30,6,309
9,2020-04-23,43,4,267
9,2020-04-24,40,0,278
9,2020-04-25,9,3,139
9,2020-04-26,60,3,68
9,2020-04-27,28,1,222
9,2020-04-28,30,4,327
9,2020-04-29,21,7,269
9,2020-04-30,52,3,227
9,2020-05-01,49,6,193
9,2020-05-02,27,5,159
9,2020-05-03,14,3,64
9,2020-05-04,20,3,217
9,2020-05-05,29,6,739
9,2020-05-06,40,3,400
9,2020-05-07,30,1,256
9,2020-05-08,38,1,312
9,2020-05-09,14,2,130
9,2020-05-10,12,4,30
9,2020-05-11,30,9,372
9,2020-05-12,31,3,289
9,2020-05-13,11,4,504
9,2020-05-14,16,3,466
9,2020-05-15,49,2,581
9,2020-05-16,20,4,235
9,2020-05-17,33,1,118
9,2020-05-18,13,7,453
9,2020-05-19,18,3,418
9,2020-05-20,22,1,512
9,2020-05-21,9,2,386
9,2020-05-22,19,1,400
9,2020-05-23,8,1,141
9,2020-05-24,12,1,68
9,2020-05-25,7,2,80
9,2020-05-26,15,0,533
9,2020-05-27,16,0,386
9,2020-05-28,21,1,370
9,2020-05-29,7,0,393
9,2020-05-30,9,0,159
9,2020-05-31,1,0,91
9,2020-06-01,20,1,472
9,2020-06-02,25,1,386
9,2020-06-03,13,0,389
9,2020-06-04,11,2,368
9,2020-06-05,14,0,438
9,2020-06-06,8,0,205
9,2020-06-07,11,1,61
9,2020-06-08,6,0,446
9,2020-06-09,7,0,371
9,2020-06-10,17,0,529
9,2020-06-11,17,1,529
9,2020-06-12,9,0,678
9,2020-06-13,7,2,282
9,2020-06-14,5,2,85
9,2020-06-15,18,1,705
9,2020-06-16,7,3,741
9,2020-06-17,14,0,753
9,2020-06-18,20,2,700
9,2020-06-19,12,0,497
9,2020-06-20,10,0,173
9,2020-06-21,4,0,80
9,2020-06-22,11,1,557
9,2020-06-23,12,1,694
9,2020-06-24,12,0,594
9,2020-06-25,11,1,608
9,2020-06-26,23,0,655
9,2020-06-27,4,0,203
9,2020-06-28,6,1,67
9,2020-06-29,14,0,606
9,2020-06-30,12,0,554
9,2020-07-01,19,1,462
9,2020-07-02,47,2,680
9,2020-07-03,12,0,146
9,2020-07-04,36,1,85
9,2020-07-05,15,0,78
9,2020-07-06,11,1,859
9,2020-07-07,25,0,675
9,2020-07-08,27,0,613
9,2020-07-09,38,1,626
9,2020-07-10,35,1,653
9,2020-07-11,40,1,232
9,2020-07-12,19,1,132
9,2020-07-13,30,0,990
9,2020-07-14,42,0,928
9,2020-07-15,59,0,770
9,2020-07-16,51,2,1066
9,2020-07-17,51,1,967
9,2020-07-18,68,0,310
9,2020-07-19,52,0,144
9,2020-07-20,65,0,1006
9,2020-07-21,38,0,1056
9,2020-07-22,67,0,884
9,2020-07-23,92,2,939
9,2020-07-24,90,0,924
9,2020-07-25,54,0,242
9,2020-07-26,29,1,95
9,2020-07-27,102,0,1043
9,2020-07-28,53,0,947
9,2020-07-29,98,2,908
9,2020-07-30,83,1,736
9,2020-07-31,94,1,873
9,2020-08-01,70,1,222
9,2020-08-02,52,2,140
9,2020-08-03,87,2,943
9,2020-08-04,59,1,930
9,2020-08-05,57,0,809
9,2020-08-06,109,2,916
9,2020-08-07,66,4,977
9,2020-08-08,90,1,260
9,2020-08-09,31,2,150
9,2020-08-10,89,4,1036
9,2020-08-11,48,3,842
9,2020-08-12,80,2,943
9,2020-08-13,74,1,952
9,2020-08-14,87,3,978
9,2020-08-15,62,2,287
9,2020-08-16,40,0,171
9,2020-08-17,73,4,1063
9,2020-08-18,22,0,960
9,2020-08-19,69,2,867
9,2020-08-20,97,0,955
9,2020-08-21,51,1,841
9,2020-08-22,46,2,310
9,2020-08-23,47,0,178
9,2020-08-24,61,2,892
9,2020-08-25,54,1,731
9,2020-08-26,68,0,821
9,2020-08-27,42,2,751
9,2020-08-28,65,1,663
9,2020-08-29,48,0,223
9,2020-08-30,50,0,127
9,2020-08-31,36,0,753
9,2020-09-01,45,1,664
9,2020-09-02,66,0,609
9,2020-09-03,52,1,553
9,2020-09-04,49,1,549
9,2020-09-05,49,1,180
9,2020-09-06,33,1,102
9,2020-09-07,21,0,74
9,2020-09-08,48,1,110
9,2020-09-09,35,0,3
