DISTRICT,DATE,COVID_COUNT,COVID_DEATHS,COVID_TEST,POSITIVITY_RATE_ALL_TESTS,COVID_COUNT_BY_SPECIMEN_COLLECTION_DATE
1,2020-02-26,0,0,0,0,1
1,2020-02-27,0,0,0,0,0
1,2020-02-28,0,0,2,0,0
1,2020-02-29,0,0,0,0,0
1,2020-03-02,0,0,0,0,0
1,2020-03-03,0,0,0,0,0
1,2020-03-04,0,0,0,0,0
1,2020-03-05,0,0,0,0,0
1,2020-03-06,0,0,0,0,0
1,2020-03-07,0,0,1,0,0
1,2020-03-08,0,0,0,0,0
1,2020-03-09,0,0,0,0,0
1,2020-03-10,0,0,3,0,0
1,2020-03-11,0,0,3,0,0
1,2020-03-12,0,0,26,11.53846154,3
1,2020-03-13,1,0,16,6.25,1
1,2020-03-14,0,0,155,1.290322581,2
1,2020-03-15,0,0,23,8.695652174,3
1,2020-03-16,2,0,76,3.703703704,6
1,2020-03-17,1,0,122,14.63414634,16
1,2020-03-18,1,0,190,7.8125,15
1,2020-03-19,2,0,204,9.756097561,20
1,2020-03-20,2,0,187,7.936507937,17
1,2020-03-21,3,0,92,12.76595745,13
1,2020-03-22,1,0,90,8.695652174,9
1,2020-03-23,7,0,183,8.648648649,24
1,2020-03-24,5,0,125,13.43283582,25
1,2020-03-25,14,1,190,11.28205128,26
1,2020-03-26,18,1,188,12.24489796,39
1,2020-03-27,30,0,247,14.92537313,52
1,2020-03-28,24,0,115,19.16666667,28
1,2020-03-29,13,4,89,16.12903226,26
1,2020-03-30,59,2,312,15.59633028,62
1,2020-03-31,43,2,318,14.71471471,74
1,2020-04-01,47,0,280,17.24137931,65
1,2020-04-02,45,2,253,15.38461538,52
1,2020-04-03,78,2,269,18.50533808,55
1,2020-04-04,33,0,109,17.11711712,26
1,2020-04-05,54,2,96,20.38834951,27
1,2020-04-06,61,3,299,17.41935484,70
1,2020-04-07,45,5,286,15.56291391,73
1,2020-04-08,76,6,464,19.66173362,108
1,2020-04-09,52,6,502,15.79961464,93
1,2020-04-10,116,2,506,12.47637051,78
1,2020-04-11,96,2,296,11.51315789,41
1,2020-04-12,54,5,72,13.92405063,17
1,2020-04-13,37,6,455,18.93004115,94
1,2020-04-14,67,7,537,30.35087719,184
1,2020-04-15,187,2,470,12.4015748,73
1,2020-04-16,76,3,600,17.42543171,111
1,2020-04-17,88,5,539,14.28571429,82
1,2020-04-18,24,3,195,22.01834862,52
1,2020-04-19,83,6,140,25.73099415,41
1,2020-04-20,53,2,603,18.18181818,114
1,2020-04-21,87,4,523,18.02426343,105
1,2020-04-22,69,5,393,16.70533643,75
1,2020-04-23,109,4,321,20.27777778,82
1,2020-04-24,88,4,268,25.4180602,86
1,2020-04-25,51,2,253,20,54
1,2020-04-26,60,5,362,15.87301587,57
1,2020-04-27,158,5,674,12.43243243,92
1,2020-04-28,88,2,570,18.36734694,105
1,2020-04-29,74,3,559,19.07790143,115
1,2020-04-30,94,10,681,12.41914618,94
1,2020-05-01,80,6,718,11.31840796,82
1,2020-05-02,69,4,347,12.40506329,54
1,2020-05-03,70,2,340,10.05291005,43
1,2020-05-04,85,2,872,10.12269939,96
1,2020-05-05,102,6,1059,13.51791531,148
1,2020-05-06,79,7,638,13.14685315,80
1,2020-05-07,90,7,808,10.23622047,84
1,2020-05-08,53,6,955,7.490636704,76
1,2020-05-09,63,4,671,10.98748261,79
1,2020-05-10,54,8,267,7.166123779,20
1,2020-05-11,83,6,886,7.12195122,68
1,2020-05-12,74,5,943,8.64422202,99
1,2020-05-13,110,4,637,8.192457737,55
1,2020-05-14,83,3,980,8.553791887,81
1,2020-05-15,75,7,1292,5.849965588,74
1,2020-05-16,41,6,628,10.38961039,69
1,2020-05-17,56,4,478,7.984790875,42
1,2020-05-18,62,8,900,9.309021113,88
1,2020-05-19,97,6,693,10.28037383,78
1,2020-05-20,79,7,984,9.32735426,97
1,2020-05-21,76,5,942,11.73752311,120
1,2020-05-22,84,3,1231,6.889204545,90
1,2020-05-23,89,3,600,10.07407407,65
1,2020-05-24,61,4,364,6.490384615,22
1,2020-05-25,34,2,256,8.552631579,23
1,2020-05-26,41,4,733,10.12235818,82
1,2020-05-27,166,2,807,8.080808081,64
1,2020-05-28,57,2,1122,7.351891506,87
1,2020-05-29,59,6,1042,6.013179572,70
1,2020-05-30,50,2,485,6.902654867,33
1,2020-05-31,33,3,356,6.009615385,19
1,2020-06-01,52,4,887,7.117117117,65
1,2020-06-02,124,4,595,5.368289638,34
1,2020-06-03,48,3,580,6.609195402,41
1,2020-06-04,52,4,719,6.514285714,43
1,2020-06-05,50,3,1006,4.805302403,55
1,2020-06-06,32,2,475,3.007518797,14
1,2020-06-07,27,3,328,4.812834225,22
1,2020-06-08,52,2,839,5.544747082,48
1,2020-06-09,36,4,698,6.184364061,45
1,2020-06-10,35,1,768,4.826862539,34
1,2020-06-11,28,2,955,5.178268251,48
1,2020-06-12,31,1,1082,5.055762082,53
1,2020-06-13,31,0,679,3.789731051,21
1,2020-06-14,37,0,402,4.462809917,27
1,2020-06-15,49,0,1171,4.745289602,58
1,2020-06-16,20,3,852,5.267489712,46
1,2020-06-17,92,5,1026,4.935459377,59
1,2020-06-18,47,0,1093,5.266853933,66
1,2020-06-19,43,0,1323,5.139056832,79
1,2020-06-20,50,1,707,5.244755245,43
1,2020-06-21,54,1,366,6,25
1,2020-06-22,59,1,1120,6.686046512,88
1,2020-06-23,47,0,1151,6.836363636,84
1,2020-06-24,90,0,890,6.637554585,74
1,2020-06-25,81,1,1311,6.924019608,99
1,2020-06-26,57,1,1306,6.257521059,92
1,2020-06-27,65,1,648,8.801020408,63
1,2020-06-28,51,0,493,9.060955519,41
1,2020-06-29,86,1,1233,6.973768394,99
1,2020-06-30,37,1,992,10.10802469,125
1,2020-07-01,121,1,1039,6.81653372,93
1,2020-07-02,109,1,1106,8.170961659,101
1,2020-07-03,67,1,792,8.456243854,78
1,2020-07-04,70,0,306,7.216494845,26
1,2020-07-05,45,1,421,6.500956023,33
1,2020-07-06,37,4,1538,10.49196787,190
1,2020-07-07,101,1,1334,8.594657375,139
1,2020-07-08,83,2,1179,8.955223881,119
1,2020-07-09,127,1,950,7.631389489,101
1,2020-07-10,196,1,1375,5.656108597,94
1,2020-07-11,88,0,605,6.371911573,49
1,2020-07-12,43,2,593,8.552631579,56
1,2020-07-13,119,0,1556,6.588785047,121
1,2020-07-14,80,0,1143,7.307692308,95
1,2020-07-15,116,1,1263,8.489993936,124
1,2020-07-16,93,0,1354,7.203601801,124
1,2020-07-17,121,2,1684,7.397133611,149
1,2020-07-18,77,1,831,8.464566929,77
1,2020-07-19,99,0,432,6.101694915,30
1,2020-07-20,87,3,1519,6.695778748,125
1,2020-07-21,121,0,1547,8.612662942,127
1,2020-07-22,123,3,1582,7.535245503,129
1,2020-07-23,102,2,1575,7.096774194,138
1,2020-07-24,100,1,1613,6.239092496,118
1,2020-07-25,126,0,599,7.655502392,50
1,2020-07-26,81,0,425,5.914972274,34
1,2020-07-27,107,1,1466,6.196783349,119
1,2020-07-28,51,1,1465,7.186187587,108
1,2020-07-29,102,1,1348,6.111111111,95
1,2020-07-30,82,2,1440,6.299212598,98
1,2020-07-31,92,1,1596,7.25294651,127
1,2020-08-01,91,2,692,8.606557377,51
1,2020-08-02,103,1,377,3.718199609,18
1,2020-08-03,65,0,1505,7.571428571,141
1,2020-08-04,104,1,1549,6.95164076,139
1,2020-08-05,173,1,1520,6.240928882,111
1,2020-08-06,156,3,1606,6.863176419,129
1,2020-08-07,99,0,1757,7.185628743,165
1,2020-08-08,124,1,704,6.728778468,54
1,2020-08-09,94,2,468,6.864274571,41
1,2020-08-10,95,4,1644,7.002561913,144
1,2020-08-11,71,0,1479,5.919003115,125
1,2020-08-12,146,0,1441,5.926271582,121
1,2020-08-13,153,1,1437,6.314243759,124
1,2020-08-14,128,0,1572,6.027508091,128
1,2020-08-15,98,1,649,5.399568035,57
1,2020-08-16,112,1,514,4.677623262,36
1,2020-08-17,113,1,1520,5.857385399,127
1,2020-08-18,55,1,1412,5.956752346,142
1,2020-08-19,111,0,1297,5.781112092,123
1,2020-08-20,136,2,1374,6.463195691,141
1,2020-08-21,140,2,1532,4.759967453,116
1,2020-08-22,105,1,643,4.716981132,47
1,2020-08-23,102,1,511,5.170068027,47
1,2020-08-24,68,0,1469,6.678700361,138
1,2020-08-25,78,1,1329,5.95964336,125
1,2020-08-26,117,1,1128,4.126315789,100
1,2020-08-27,106,1,1242,5.251141553,110
1,2020-08-28,139,2,1229,4.514048825,91
1,2020-08-29,66,0,500,4.545454545,40
1,2020-08-30,96,1,329,5.607476636,27
1,2020-08-31,53,2,1299,6.685108345,143
1,2020-09-01,56,0,1117,4.988864143,111
1,2020-09-02,108,2,1126,5.047169811,110
1,2020-09-03,104,2,1023,5.547719793,124
1,2020-09-04,128,2,1322,4.787000439,105
1,2020-09-05,80,2,527,3.278688525,32
1,2020-09-06,89,0,318,5.254515599,25
1,2020-09-07,37,2,382,3.669724771,24
1,2020-09-08,47,1,1329,5.219878441,138
1,2020-09-09,71,4,1083,4.764044944,103
1,2020-09-10,130,2,1089,5.090595341,105
1,2020-09-11,105,1,1169,4.545454545,116
1,2020-09-12,86,0,489,4,32
1,2020-09-13,68,1,369,3.924914676,18
1,2020-09-14,58,3,1229,5.189873418,116
1,2020-09-15,45,2,1049,4.191616766,102
1,2020-09-16,97,1,875,4.307282416,81
1,2020-09-17,121,3,1055,3.941908714,102
1,2020-09-18,109,1,1056,3.95,75
1,2020-09-19,77,3,463,5.526315789,43
1,2020-09-20,70,2,333,3.152364273,18
1,2020-09-21,52,0,1274,5.890856523,147
1,2020-09-22,59,2,1164,5.221767852,152
1,2020-09-23,108,3,854,5.896927651,114
1,2020-09-24,150,1,1128,5.013497879,137
1,2020-09-25,114,2,1118,5.149425287,105
1,2020-09-26,103,1,474,5.662514156,53
1,2020-09-27,112,1,404,6.676342525,41
1,2020-09-28,113,1,1461,6.662416321,210
1,2020-09-29,53,2,1210,5.032679739,156
1,2020-09-30,156,2,1090,6.634106634,151
1,2020-10-01,189,2,1321,6.031746032,176
1,2020-10-02,164,1,1449,5.614881157,164
1,2020-10-03,119,5,561,8.787541713,71
1,2020-10-04,142,1,433,7.29312763,51
1,2020-10-05,91,1,1716,6.749771967,223
1,2020-10-06,100,2,1559,6.051202483,217
1,2020-10-07,147,1,1426,9.307717787,270
1,2020-10-08,244,2,1461,7.650115473,259
1,2020-10-09,234,2,1460,9.809358752,312
1,2020-10-10,208,1,686,12.66846361,132
1,2020-10-11,226,1,548,15.54575524,128
1,2020-10-12,182,3,1945,10.28013364,369
1,2020-10-13,158,2,1726,8.113730929,339
1,2020-10-14,234,4,1680,10.60521932,357
1,2020-10-15,311,5,1929,7.076350093,334
1,2020-10-16,363,3,1919,8.94130554,315
1,2020-10-17,236,3,811,7.397959184,153
1,2020-10-18,275,0,583,13.55617456,147
1,2020-10-19,236,2,2049,11.16031887,470
1,2020-10-20,291,4,2040,8.162825759,418
1,2020-10-21,326,2,1868,10.68062827,450
1,2020-10-22,381,5,1955,9.694835681,423
1,2020-10-23,400,2,1999,11.69375983,443
1,2020-10-24,357,2,874,10.61114842,190
1,2020-10-25,332,2,590,15.75757576,157
1,2020-10-26,321,5,2016,11.49376717,532
1,2020-10-27,284,9,2177,9.302796919,579
1,2020-10-28,444,5,1967,14.26448737,581
1,2020-10-29,454,2,2395,11.75572519,612
1,2020-10-30,579,6,2288,14.42173711,635
1,2020-10-31,443,3,926,12.6875,242
1,2020-11-01,616,3,740,19.85233798,260
1,2020-11-02,579,5,2417,12.17034925,763
1,2020-11-03,352,4,2503,,864
1,2020-11-04,852,5,2541,,810
1,2020-11-05,690,4,2246,,751
1,2020-11-06,762,3,783,,235
1,2020-11-07,655,6,127,,54
1,2020-11-08,923,1,1,,1
10,2020-02-26,0,0,0,0,0
10,2020-02-27,0,0,0,0,0
10,2020-02-28,0,0,0,0,0
10,2020-02-29,0,0,0,0,0
10,2020-03-02,0,0,0,0,0
10,2020-03-03,0,0,0,0,0
10,2020-03-04,0,0,0,0,0
10,2020-03-05,0,0,0,0,0
10,2020-03-06,0,0,1,0,0
10,2020-03-07,0,0,0,0,0
10,2020-03-08,0,0,0,0,0
10,2020-03-09,0,0,0,0,0
10,2020-03-10,0,0,1,0,0
10,2020-03-11,0,0,5,0,0
10,2020-03-12,0,0,5,0,0
10,2020-03-13,0,0,6,16.66666667,1
10,2020-03-14,0,0,2,0,0
10,2020-03-15,0,0,7,14.28571429,1
10,2020-03-16,0,0,17,5.882352941,1
10,2020-03-17,0,0,24,0,0
10,2020-03-18,0,0,39,2.564102564,1
10,2020-03-19,1,0,69,7.142857143,5
10,2020-03-20,0,0,53,5.454545455,2
10,2020-03-21,1,0,64,6.25,4
10,2020-03-22,0,0,42,16.66666667,7
10,2020-03-23,2,0,70,2.816901408,4
10,2020-03-24,0,0,98,2.040816327,2
10,2020-03-25,8,0,98,11,11
10,2020-03-26,2,0,89,5.494505495,6
10,2020-03-27,10,0,59,3.278688525,2
10,2020-03-28,13,0,16,25,5
10,2020-03-29,0,0,26,14.81481481,5
10,2020-03-30,5,0,63,24.24242424,18
10,2020-03-31,3,0,94,7.368421053,8
10,2020-04-01,8,0,109,4.504504505,6
10,2020-04-02,17,0,155,3.773584906,7
10,2020-04-03,9,0,161,6.748466258,11
10,2020-04-04,9,0,128,7.575757576,10
10,2020-04-05,13,0,104,4.672897196,5
10,2020-04-06,10,1,179,8.791208791,17
10,2020-04-07,10,1,198,8.333333333,23
10,2020-04-08,17,1,176,7.865168539,18
10,2020-04-09,13,1,146,4,7
10,2020-04-10,6,0,106,8.181818182,7
10,2020-04-11,13,1,68,7.142857143,7
10,2020-04-12,4,0,57,5.970149254,4
10,2020-04-13,7,1,192,6.862745098,14
10,2020-04-14,16,0,171,3.783783784,5
10,2020-04-15,18,0,195,8.411214953,14
10,2020-04-16,8,0,181,6.435643564,13
10,2020-04-17,13,1,204,7.339449541,15
10,2020-04-18,15,4,90,5.454545455,10
10,2020-04-19,6,0,41,15.55555556,9
10,2020-04-20,13,4,161,10.43956044,10
10,2020-04-21,12,3,184,5.670103093,10
10,2020-04-22,16,2,160,11.23595506,17
10,2020-04-23,11,1,151,4.519774011,8
10,2020-04-24,13,3,281,6.148867314,16
10,2020-04-25,6,2,123,8.219178082,12
10,2020-04-26,8,2,127,4.379562044,5
10,2020-04-27,10,0,270,5.442176871,14
10,2020-04-28,13,0,256,4.513888889,15
10,2020-04-29,14,2,230,5.363984674,13
10,2020-04-30,11,1,230,2.380952381,5
10,2020-05-01,17,1,205,3.571428571,8
10,2020-05-02,6,1,174,4.255319149,7
10,2020-05-03,3,1,99,8.108108108,8
10,2020-05-04,9,2,579,5.22875817,32
10,2020-05-05,18,1,481,4.093567251,15
10,2020-05-06,22,1,531,2.852049911,14
10,2020-05-07,16,0,651,2.790014684,22
10,2020-05-08,14,1,569,2.809917355,15
10,2020-05-09,11,1,134,5.369127517,8
10,2020-05-10,8,0,105,5.309734513,6
10,2020-05-11,21,2,276,9.17721519,21
10,2020-05-12,20,2,194,7.04845815,14
10,2020-05-13,14,1,301,6.948640483,21
10,2020-05-14,19,1,319,4,11
10,2020-05-15,26,1,876,13.36161188,121
10,2020-05-16,43,0,165,1.162790698,2
10,2020-05-17,67,0,79,1.136363636,2
10,2020-05-18,6,2,334,6.756756757,22
10,2020-05-19,5,0,284,5.504587156,16
10,2020-05-20,18,0,293,5.074626866,16
10,2020-05-21,7,1,377,4.502369668,18
10,2020-05-22,26,0,341,3.100775194,10
10,2020-05-23,11,2,167,2.631578947,4
10,2020-05-24,16,0,115,3.053435115,3
10,2020-05-25,4,0,81,9.278350515,7
10,2020-05-26,6,0,370,5.251141553,21
10,2020-05-27,16,1,257,4.487179487,10
10,2020-05-28,20,0,356,3.712871287,14
10,2020-05-29,9,0,379,3.209876543,13
10,2020-05-30,14,0,192,3.414634146,7
10,2020-05-31,11,0,182,4.522613065,8
10,2020-06-01,10,1,426,4.458598726,17
10,2020-06-02,14,0,293,6.725146199,21
10,2020-06-03,14,1,434,4.008016032,18
10,2020-06-04,16,0,476,3.743315508,20
10,2020-06-05,16,2,465,3.262955854,16
10,2020-06-06,18,0,181,3.317535545,5
10,2020-06-07,12,0,157,4.761904762,9
10,2020-06-08,14,0,425,4.948453608,23
10,2020-06-09,10,0,247,4.240282686,10
10,2020-06-10,18,0,400,8.178438662,45
10,2020-06-11,22,0,952,1.569713758,15
10,2020-06-12,22,1,724,1.019252548,7
10,2020-06-13,22,0,378,1.49750416,9
10,2020-06-14,10,1,188,1.357466063,1
10,2020-06-15,8,0,909,2.335025381,22
10,2020-06-16,12,0,681,1.682692308,10
10,2020-06-17,20,0,635,2.649930265,18
10,2020-06-18,7,3,866,1.950718686,17
10,2020-06-19,12,1,824,1.787592008,14
10,2020-06-20,15,0,383,1.395348837,6
10,2020-06-21,11,0,127,1.630434783,3
10,2020-06-22,8,1,794,4.086021505,31
10,2020-06-23,19,0,511,1.845637584,14
10,2020-06-24,23,0,663,2.792553191,23
10,2020-06-25,13,2,553,3.164556962,25
10,2020-06-26,22,0,670,4.02075227,37
10,2020-06-27,25,1,316,2.538071066,14
10,2020-06-28,21,1,312,3.475935829,17
10,2020-06-29,19,1,710,4.152249135,44
10,2020-06-30,36,0,692,4.734411085,52
10,2020-07-01,44,0,569,5.943536404,47
10,2020-07-02,49,0,714,5.046948357,52
10,2020-07-03,42,1,582,3.366058906,35
10,2020-07-04,48,0,287,7.120743034,37
10,2020-07-05,35,0,384,5.733944954,36
10,2020-07-06,58,0,867,7.532210109,87
10,2020-07-07,46,0,894,6.255924171,78
10,2020-07-08,65,0,820,6.434599156,95
10,2020-07-09,101,0,1062,5.284552846,100
10,2020-07-10,78,1,1038,6.230769231,91
10,2020-07-11,70,0,921,6.193078324,76
10,2020-07-12,70,1,726,7.784431138,83
10,2020-07-13,118,0,1133,6.34696756,108
10,2020-07-14,102,1,1340,6.351183064,126
10,2020-07-15,99,0,1202,5.291005291,110
10,2020-07-16,93,1,1466,5.523101434,135
10,2020-07-17,96,0,1354,4.896313364,92
10,2020-07-18,134,0,753,5.060506051,57
10,2020-07-19,81,0,601,6.83994528,65
10,2020-07-20,80,0,1154,5.939902166,110
10,2020-07-21,114,2,1226,6.837606838,111
10,2020-07-22,95,2,1233,6.513409962,106
10,2020-07-23,111,2,1146,6.481481481,107
10,2020-07-24,101,1,1122,5.791743685,92
10,2020-07-25,96,1,494,7.275541796,54
10,2020-07-26,46,1,326,10.11764706,49
10,2020-07-27,87,0,874,6.700288184,88
10,2020-07-28,76,0,947,7.554517134,105
10,2020-07-29,93,4,883,6.188118812,77
10,2020-07-30,96,4,880,6.443514644,89
10,2020-07-31,98,1,819,6.164383562,78
10,2020-08-01,68,0,492,7.184750733,59
10,2020-08-02,55,0,365,7.815631263,49
10,2020-08-03,77,1,888,5.716253444,103
10,2020-08-04,77,1,941,5.316973415,80
10,2020-08-05,91,0,837,7.125103563,112
10,2020-08-06,116,1,907,4.691164973,73
10,2020-08-07,72,1,931,4.225352113,76
10,2020-08-08,81,0,463,4.140127389,51
10,2020-08-09,59,0,289,3.526448363,27
10,2020-08-10,55,0,964,4.287439614,80
10,2020-08-11,52,1,872,5.540355677,90
10,2020-08-12,73,2,859,5.638829408,91
10,2020-08-13,88,0,762,2.994483846,61
10,2020-08-14,90,2,815,4.668125456,78
10,2020-08-15,53,2,394,6.019417476,48
10,2020-08-16,53,2,319,4.751131222,38
10,2020-08-17,70,2,1022,5.798749289,132
10,2020-08-18,68,0,974,4.849137931,99
10,2020-08-19,99,2,911,4.918032787,91
10,2020-08-20,110,0,1029,3.627569528,67
10,2020-08-21,91,2,968,3.028308097,57
10,2020-08-22,37,1,421,5.477031802,49
10,2020-08-23,50,1,456,4.915254237,44
10,2020-08-24,58,2,983,6.639566396,120
10,2020-08-25,108,0,901,5.831408776,115
10,2020-08-26,94,0,881,4.347826087,101
10,2020-08-27,109,2,932,3.580729167,73
10,2020-08-28,86,0,983,3.315571344,78
10,2020-08-29,80,0,421,3.47107438,43
10,2020-08-30,74,0,292,5.223880597,49
10,2020-08-31,56,3,1011,3.944636678,86
10,2020-09-01,62,0,980,3.823814134,102
10,2020-09-02,83,2,903,3.50877193,87
10,2020-09-03,93,0,823,3.405918481,95
10,2020-09-04,99,2,850,3.862928349,84
10,2020-09-05,66,1,387,3.443113772,61
10,2020-09-06,54,0,277,4.661016949,50
10,2020-09-07,65,2,309,6.654343808,48
10,2020-09-08,42,1,1047,3.875968992,124
10,2020-09-09,123,0,950,4.212765957,134
10,2020-09-10,145,1,1016,4.228243021,143
10,2020-09-11,120,2,1041,3.592814371,123
10,2020-09-12,105,0,490,3.385416667,64
10,2020-09-13,99,2,376,2.977232925,57
10,2020-09-14,95,2,874,4.274735831,158
10,2020-09-15,115,3,854,5.473856209,186
10,2020-09-16,109,2,871,4.545454545,144
10,2020-09-17,138,2,878,5.080721747,132
10,2020-09-18,145,1,787,5.823068309,119
10,2020-09-19,145,0,430,7.72797527,82
10,2020-09-20,89,0,342,5.319148936,70
10,2020-09-21,116,1,806,6.222654351,145
10,2020-09-22,108,0,881,3.497813866,154
10,2020-09-23,99,4,840,5.860113422,171
10,2020-09-24,175,4,799,5.072804133,122
10,2020-09-25,147,2,808,6.440839695,147
10,2020-09-26,144,4,400,3.944315545,84
10,2020-09-27,133,1,316,9.161793372,102
10,2020-09-28,137,4,785,10.14033499,273
10,2020-09-29,153,6,980,4.873183243,207
10,2020-09-30,202,3,922,7.019607843,191
10,2020-10-01,162,5,858,7.177033493,190
10,2020-10-02,224,2,859,7.11627907,198
10,2020-10-03,170,5,512,4.852071006,102
10,2020-10-04,140,1,363,8.089500861,90
10,2020-10-05,114,1,1055,7.493443237,234
10,2020-10-06,196,4,1122,6.181202371,262
10,2020-10-07,162,3,964,6.513828239,236
10,2020-10-08,239,5,1007,7.804878049,246
10,2020-10-09,279,3,868,7.438016529,210
10,2020-10-10,216,4,578,6.422018349,134
10,2020-10-11,193,2,403,8.987161198,102
10,2020-10-12,200,3,982,9.325108853,284
10,2020-10-13,129,5,1117,5.099150142,210
10,2020-10-14,142,3,864,6.795265235,217
10,2020-10-15,207,3,915,6.518010292,213
10,2020-10-16,291,7,781,7.551707552,190
10,2020-10-17,235,5,473,5.166846071,105
10,2020-10-18,118,9,327,6.862745098,96
10,2020-10-19,131,4,882,6.935881628,299
10,2020-10-20,192,3,957,4.947106409,233
10,2020-10-21,276,3,959,6.371814093,255
10,2020-10-22,246,3,864,7.90923825,331
10,2020-10-23,314,0,745,6.58238884,204
10,2020-10-24,223,2,512,5.220417633,158
10,2020-10-25,197,2,374,8.212560386,139
10,2020-10-26,153,7,986,6.871310508,319
10,2020-10-27,213,4,899,6.647293861,261
10,2020-10-28,311,6,895,9.409594096,288
10,2020-10-29,217,2,930,6.805676224,325
10,2020-10-30,302,3,850,7.419064748,238
10,2020-10-31,293,2,506,6.64160401,173
10,2020-11-01,266,2,355,8.805970149,147
10,2020-11-02,142,3,1053,5.810724204,356
10,2020-11-03,288,4,919,,363
10,2020-11-04,237,5,888,,317
10,2020-11-05,492,1,851,,281
10,2020-11-06,244,1,595,,209
10,2020-11-07,319,4,405,,171
10,2020-11-08,315,0,53,,32
2,2020-02-26,0,0,0,0,0
2,2020-02-27,0,0,0,0,0
2,2020-02-28,0,0,0,0,0
2,2020-02-29,0,0,0,0,0
2,2020-03-02,0,0,0,0,0
2,2020-03-03,0,0,0,0,0
2,2020-03-04,0,0,0,0,0
2,2020-03-05,0,0,1,0,0
2,2020-03-06,0,0,1,0,0
2,2020-03-07,0,0,0,0,0
2,2020-03-08,0,0,1,0,0
2,2020-03-09,0,0,3,33.33333333,1
2,2020-03-10,0,0,5,0,0
2,2020-03-11,0,0,10,0,0
2,2020-03-12,1,0,34,11.76470588,4
2,2020-03-13,0,0,64,0,0
2,2020-03-14,0,0,37,5.405405405,2
2,2020-03-15,0,0,38,7.894736842,3
2,2020-03-16,0,0,139,3.597122302,6
2,2020-03-17,0,0,148,2.027027027,3
2,2020-03-18,2,0,99,8.080808081,10
2,2020-03-19,3,0,177,7.90960452,16
2,2020-03-20,1,0,137,10.14492754,14
2,2020-03-21,2,0,75,7.792207792,5
2,2020-03-22,4,0,53,1.886792453,1
2,2020-03-23,7,1,189,9.693877551,18
2,2020-03-24,5,0,143,5.594405594,6
2,2020-03-25,5,0,174,8.522727273,23
2,2020-03-26,12,0,162,7.100591716,14
2,2020-03-27,7,0,139,5.594405594,11
2,2020-03-28,2,0,51,9.090909091,5
2,2020-03-29,6,1,38,18.42105263,7
2,2020-03-30,22,1,148,17.8343949,30
2,2020-03-31,9,0,143,6.493506494,14
2,2020-04-01,15,1,149,7.236842105,10
2,2020-04-02,13,0,148,8.235294118,18
2,2020-04-03,23,0,130,12.14285714,16
2,2020-04-04,21,0,94,14.42307692,12
2,2020-04-05,17,1,89,9.708737864,7
2,2020-04-06,26,0,219,10.21276596,27
2,2020-04-07,20,0,175,8.021390374,18
2,2020-04-08,19,1,136,7.482993197,12
2,2020-04-09,25,0,231,14.74103586,40
2,2020-04-10,22,1,224,14.59227468,36
2,2020-04-11,26,1,113,26.44628099,31
2,2020-04-12,11,1,176,26.34408602,59
2,2020-04-13,55,1,406,10.95571096,56
2,2020-04-14,45,0,521,12.20825853,54
2,2020-04-15,50,2,494,10.3646833,50
2,2020-04-16,60,0,487,4.914933837,24
2,2020-04-17,54,1,528,6.715063521,47
2,2020-04-18,19,1,178,5.911330049,12
2,2020-04-19,24,1,204,12.10762332,25
2,2020-04-20,37,0,567,8.55704698,51
2,2020-04-21,29,1,459,8.888888889,42
2,2020-04-22,40,3,517,9.72972973,59
2,2020-04-23,59,0,649,10.61046512,72
2,2020-04-24,64,2,524,6.304728546,30
2,2020-04-25,48,3,214,7.228915663,15
2,2020-04-26,30,2,172,6,14
2,2020-04-27,45,4,589,7.882534776,43
2,2020-04-28,36,0,660,5.898491084,30
2,2020-04-29,24,0,822,4.8,34
2,2020-04-30,26,3,775,5.244338498,40
2,2020-05-01,7,3,639,7.407407407,56
2,2020-05-02,34,2,276,6.129032258,13
2,2020-05-03,21,5,165,7.246376812,13
2,2020-05-04,40,0,643,7.52688172,50
2,2020-05-05,48,5,616,5.657708628,43
2,2020-05-06,45,0,679,4.954367666,40
2,2020-05-07,64,1,854,6.644880174,71
2,2020-05-08,41,1,710,8.875,75
2,2020-05-09,75,2,302,7.44047619,26
2,2020-05-10,36,1,148,6.779661017,12
2,2020-05-11,58,3,910,9.029126214,111
2,2020-05-12,30,1,832,7.733050847,76
2,2020-05-13,92,2,781,8.695652174,81
2,2020-05-14,49,1,782,5.049396268,56
2,2020-05-15,67,1,1084,9.309791332,123
2,2020-05-16,56,1,296,8.284023669,29
2,2020-05-17,37,0,227,7.534246575,26
2,2020-05-18,80,3,1014,8.830950378,112
2,2020-05-19,94,2,1002,6.533101045,91
2,2020-05-20,91,1,956,9.576427256,101
2,2020-05-21,79,2,987,6.970509383,90
2,2020-05-22,80,0,1145,8.060836502,107
2,2020-05-23,88,2,315,6.756756757,27
2,2020-05-24,42,0,165,9.615384615,16
2,2020-05-25,103,0,141,10.98901099,18
2,2020-05-26,34,0,1235,9.068476249,151
2,2020-05-27,39,0,926,10.11638317,115
2,2020-05-28,105,2,959,9.706144256,103
2,2020-05-29,137,2,1132,8.954100828,111
2,2020-05-30,85,3,360,8.851674641,39
2,2020-05-31,55,1,278,7.62195122,32
2,2020-06-01,108,1,1228,13.04649549,193
2,2020-06-02,86,1,1043,10.20733652,120
2,2020-06-03,129,1,1155,8.026030369,114
2,2020-06-04,146,1,1178,8.855291577,145
2,2020-06-05,91,4,1243,7.076101469,105
2,2020-06-06,149,0,390,4.824561404,39
2,2020-06-07,56,0,253,12.5,35
2,2020-06-08,90,1,1538,9.810479376,183
2,2020-06-09,76,2,1105,8.619430241,121
2,2020-06-10,108,2,1330,7.82940802,145
2,2020-06-11,88,3,1451,7.798165138,134
2,2020-06-12,147,0,1449,6.331168831,116
2,2020-06-13,108,1,603,5.865522175,41
2,2020-06-14,107,2,261,11.29943503,53
2,2020-06-15,125,2,1680,6.3507109,147
2,2020-06-16,59,0,1403,6.641262929,120
2,2020-06-17,180,3,1644,6.618705036,143
2,2020-06-18,116,2,1376,4.735682819,95
2,2020-06-19,101,0,1340,4.583333333,81
2,2020-06-20,101,3,422,8.494208494,48
2,2020-06-21,52,0,224,6.424581006,26
2,2020-06-22,77,3,1306,8.061844285,152
2,2020-06-23,73,1,1401,6.308169597,122
2,2020-06-24,170,1,1228,6.674984404,111
2,2020-06-25,99,3,1247,6.726190476,103
2,2020-06-26,122,3,1266,7.1863581,125
2,2020-06-27,89,2,394,5.972696246,42
2,2020-06-28,50,1,339,11.24401914,50
2,2020-06-29,65,0,1407,7.85676109,138
2,2020-06-30,83,2,1285,7.696969697,129
2,2020-07-01,73,1,1307,6.846361186,112
2,2020-07-02,64,0,1299,8.053691275,152
2,2020-07-03,176,2,524,7.161803714,49
2,2020-07-04,133,2,181,7.509881423,25
2,2020-07-05,43,6,350,10.09174312,59
2,2020-07-06,44,5,1472,8.807247106,184
2,2020-07-07,118,2,1534,7.850834151,172
2,2020-07-08,82,2,1443,7.819782496,149
2,2020-07-09,78,4,1234,7.553747821,130
2,2020-07-10,140,0,1435,8.551307847,156
2,2020-07-11,146,3,350,7.5,43
2,2020-07-12,128,3,340,9.009009009,47
2,2020-07-13,100,0,1748,8.876221498,221
2,2020-07-14,179,1,1707,7.837259101,190
2,2020-07-15,111,2,1764,6.426524765,147
2,2020-07-16,141,4,1959,6.398751463,152
2,2020-07-17,120,4,1685,7.353569902,154
2,2020-07-18,175,2,496,5.072463768,36
2,2020-07-19,109,3,219,6.140350877,18
2,2020-07-20,90,3,1383,6.987724268,124
2,2020-07-21,148,1,1600,5.9901654,125
2,2020-07-22,104,5,1565,6.908613905,125
2,2020-07-23,145,1,1512,6.107566089,134
2,2020-07-24,128,3,1488,7.001879699,119
2,2020-07-25,106,4,450,8.026755853,47
2,2020-07-26,88,3,198,4.054054054,11
2,2020-07-27,63,0,1419,5.90423059,126
2,2020-07-28,71,1,2231,4.154302671,112
2,2020-07-29,141,5,1779,6.500198177,154
2,2020-07-30,124,1,1442,4.797230465,99
2,2020-07-31,142,0,1502,6.050955414,112
2,2020-08-01,82,3,420,5.591054313,29
2,2020-08-02,59,1,275,5.25,24
2,2020-08-03,86,1,1609,5.269509252,142
2,2020-08-04,101,5,1549,5.866564417,145
2,2020-08-05,139,0,1839,6.448275862,174
2,2020-08-06,164,2,1484,6.708860759,128
2,2020-08-07,116,2,1607,5.49898167,120
2,2020-08-08,135,1,575,7.052023121,49
2,2020-08-09,104,1,298,5.806451613,35
2,2020-08-10,93,2,1427,7.456541629,190
2,2020-08-11,70,2,1594,5.824411135,143
2,2020-08-12,125,1,1527,5.035971223,147
2,2020-08-13,164,5,1443,5.067264574,121
2,2020-08-14,120,1,1542,5.970149254,147
2,2020-08-15,64,3,580,5.762304922,52
2,2020-08-16,88,0,377,6.442166911,47
2,2020-08-17,106,2,1485,11.05900742,270
2,2020-08-18,66,1,1385,7.824056053,205
2,2020-08-19,158,0,1470,7.80656304,215
2,2020-08-20,251,3,1220,5.56709597,127
2,2020-08-21,211,1,1541,5.695266272,146
2,2020-08-22,84,0,579,7.373271889,67
2,2020-08-23,94,0,481,5.607476636,43
2,2020-08-24,181,3,1671,7.216117216,211
2,2020-08-25,193,0,1680,4.52397029,165
2,2020-08-26,166,1,1411,4.550418639,149
2,2020-08-27,115,3,1346,3.467772333,107
2,2020-08-28,116,0,1173,3.823279524,97
2,2020-08-29,108,1,597,4.444444444,37
2,2020-08-30,86,1,436,3.823529412,34
2,2020-08-31,56,1,1400,6.25,166
2,2020-09-01,69,0,1405,2.937249666,95
2,2020-09-02,184,1,1194,4.579517069,115
2,2020-09-03,105,1,1146,3.367239565,104
2,2020-09-04,121,1,1202,4.375246354,114
2,2020-09-05,69,1,415,3.120124805,22
2,2020-09-06,49,0,348,6.445672192,34
2,2020-09-07,37,1,225,4.347826087,37
2,2020-09-08,132,1,1411,3.586171311,147
2,2020-09-09,57,2,1359,2.756508423,126
2,2020-09-10,98,0,1182,2.526847757,92
2,2020-09-11,109,0,1529,3.04119436,137
2,2020-09-12,117,0,295,2.18579235,31
2,2020-09-13,83,1,390,2.496714849,23
2,2020-09-14,102,0,1366,4.463750749,181
2,2020-09-15,62,1,1208,3.692801713,163
2,2020-09-16,121,0,1230,2.69744836,132
2,2020-09-17,151,4,1059,2.921013413,115
2,2020-09-18,144,2,1041,2.586508214,92
2,2020-09-19,97,3,338,7.52688172,40
2,2020-09-20,100,0,365,3.820224719,49
2,2020-09-21,94,2,1208,5.424954792,207
2,2020-09-22,101,3,1321,3.859060403,200
2,2020-09-23,140,2,1241,4.297520661,192
2,2020-09-24,152,1,1238,3.729963009,142
2,2020-09-25,188,3,1171,4.534998357,152
2,2020-09-26,171,3,411,5.654101996,63
2,2020-09-27,104,5,314,3.672612802,44
2,2020-09-28,106,2,1538,5.315176807,291
2,2020-09-29,151,1,1699,5.74055666,270
2,2020-09-30,152,1,1422,4.892268695,229
2,2020-10-01,240,4,1340,4.275940707,178
2,2020-10-02,248,9,1320,4.921316166,211
2,2020-10-03,164,0,429,5.052878966,64
2,2020-10-04,86,5,424,5.653021442,82
2,2020-10-05,156,1,1688,6.364410387,349
2,2020-10-06,245,4,1582,4.56169855,274
2,2020-10-07,264,4,1603,5.200664925,284
2,2020-10-08,240,10,1417,5.386363636,284
2,2020-10-09,280,4,1452,5.737250554,289
2,2020-10-10,222,1,529,8.537782139,118
2,2020-10-11,303,5,396,7.386814932,116
2,2020-10-12,252,3,1599,7.688984881,423
2,2020-10-13,170,4,1775,6.337599025,404
2,2020-10-14,344,0,1676,6.641544984,350
2,2020-10-15,314,7,1475,5.462184874,320
2,2020-10-16,335,2,1544,7.146610615,359
2,2020-10-17,264,2,573,9.124423963,129
2,2020-10-18,286,3,340,10.28037383,119
2,2020-10-19,271,1,1736,7.611446369,516
2,2020-10-20,226,8,1774,5.840674071,447
2,2020-10-21,468,4,1670,6.669463087,446
2,2020-10-22,372,4,1520,8.569751516,463
2,2020-10-23,372,6,1517,9.093257556,399
2,2020-10-24,349,5,545,8.076659822,186
2,2020-10-25,248,3,394,7.470414201,116
2,2020-10-26,400,12,2140,8.981940227,710
2,2020-10-27,406,7,2087,7.93921803,646
2,2020-10-28,553,1,1923,9.710483726,596
2,2020-10-29,431,4,2072,9.148056245,566
2,2020-10-30,489,7,1757,9.616935484,544
2,2020-10-31,491,1,678,10.69100391,218
2,2020-11-01,478,10,437,11.48600144,183
2,2020-11-02,497,8,2177,10.41176471,870
2,2020-11-03,598,3,2003,,730
2,2020-11-04,498,4,2171,,815
2,2020-11-05,687,5,1619,,681
2,2020-11-06,795,6,724,,319
2,2020-11-07,746,3,144,,99
2,2020-11-08,755,3,29,,29
3,2020-02-26,0,0,0,0,0
3,2020-02-27,0,0,0,0,0
3,2020-02-28,0,0,0,0,0
3,2020-02-29,0,0,0,0,0
3,2020-03-02,0,0,0,0,0
3,2020-03-03,0,0,1,0,0
3,2020-03-04,0,0,0,0,0
3,2020-03-05,0,0,1,0,0
3,2020-03-06,0,0,2,0,0
3,2020-03-07,0,0,1,0,0
3,2020-03-08,1,0,4,25,1
3,2020-03-09,1,0,9,0,1
3,2020-03-10,0,0,16,0,0
3,2020-03-11,0,0,4,40,1
3,2020-03-12,0,0,16,0,0
3,2020-03-13,1,0,16,0,0
3,2020-03-14,0,0,9,33.33333333,4
3,2020-03-15,0,0,6,33.33333333,2
3,2020-03-16,0,0,22,4.545454545,1
3,2020-03-17,0,0,34,0,2
3,2020-03-18,1,0,62,1.612903226,3
3,2020-03-19,1,0,35,0,1
3,2020-03-20,3,0,63,1.587301587,4
3,2020-03-21,0,0,54,3.571428571,2
3,2020-03-22,2,1,33,2.857142857,1
3,2020-03-23,1,0,94,8.421052632,10
3,2020-03-24,1,0,91,4.347826087,11
3,2020-03-25,1,0,80,8.536585366,8
3,2020-03-26,17,0,90,8.695652174,15
3,2020-03-27,4,0,90,7.216494845,10
3,2020-03-28,4,0,57,11.66666667,13
3,2020-03-29,5,0,56,6.779661017,7
3,2020-03-30,4,1,106,8.108108108,18
3,2020-03-31,12,1,86,10.11235955,8
3,2020-04-01,10,0,129,7.633587786,11
3,2020-04-02,18,1,151,12.96296296,17
3,2020-04-03,14,2,105,8.333333333,9
3,2020-04-04,8,0,65,8.695652174,7
3,2020-04-05,20,4,74,12.82051282,10
3,2020-04-06,18,0,113,22.04724409,24
3,2020-04-07,12,3,95,12.74509804,11
3,2020-04-08,20,2,148,17.8343949,25
3,2020-04-09,23,0,109,9.166666667,10
3,2020-04-10,21,3,100,20,24
3,2020-04-11,17,0,63,9.85915493,8
3,2020-04-12,12,1,49,16.07142857,11
3,2020-04-13,16,6,431,20.27027027,97
3,2020-04-14,22,1,285,11.37123746,32
3,2020-04-15,58,2,304,12.61538462,57
3,2020-04-16,53,1,266,10,24
3,2020-04-17,33,3,310,8.231707317,27
3,2020-04-18,13,2,76,10.46511628,8
3,2020-04-19,29,3,81,9.195402299,8
3,2020-04-20,16,6,390,14.00966184,62
3,2020-04-21,13,6,290,9.714285714,30
3,2020-04-22,54,4,383,9.124087591,41
3,2020-04-23,27,1,408,24.67043315,134
3,2020-04-24,34,3,409,10.77844311,61
3,2020-04-25,47,5,150,5.660377358,7
3,2020-04-26,83,3,205,7.641196013,17
3,2020-04-27,28,5,292,6.686930091,53
3,2020-04-28,53,4,372,9.306930693,55
3,2020-04-29,46,2,371,8.380952381,28
3,2020-04-30,44,1,643,7.096774194,50
3,2020-05-01,38,4,712,11.45124717,138
3,2020-05-02,35,1,221,10.96938776,36
3,2020-05-03,70,1,100,8.333333333,7
3,2020-05-04,84,1,371,7.345971564,33
3,2020-05-05,36,2,336,6.695464363,21
3,2020-05-06,33,0,398,10.11804384,33
3,2020-05-07,36,1,681,8.536585366,60
3,2020-05-08,26,1,701,5.975609756,39
3,2020-05-09,23,2,158,8.494208494,11
3,2020-05-10,21,2,93,9.756097561,12
3,2020-05-11,46,0,501,7.458143075,41
3,2020-05-12,16,2,409,6.570841889,28
3,2020-05-13,42,0,730,5.072463768,26
3,2020-05-14,66,3,1193,4.695919938,51
3,2020-05-15,42,2,1200,6.186374315,80
3,2020-05-16,18,0,190,8.71559633,19
3,2020-05-17,38,3,189,10.69767442,18
3,2020-05-18,24,0,576,7.704654896,41
3,2020-05-19,57,0,545,10.66878981,62
3,2020-05-20,44,0,590,11.73780488,70
3,2020-05-21,66,1,869,10.29836381,99
3,2020-05-22,37,0,714,10.62271062,72
3,2020-05-23,41,1,202,8.974358974,19
3,2020-05-24,55,2,156,22.45989305,44
3,2020-05-25,41,2,135,14.375,24
3,2020-05-26,48,1,812,11.82320442,99
3,2020-05-27,80,0,674,9.707446809,70
3,2020-05-28,45,3,902,8.678500986,84
3,2020-05-29,136,2,970,9.183673469,87
3,2020-05-30,30,1,186,13.13559322,27
3,2020-05-31,60,0,118,15.06849315,20
3,2020-06-01,69,0,898,11.61417323,105
3,2020-06-02,81,2,677,13.06597671,96
3,2020-06-03,83,1,893,8.514851485,82
3,2020-06-04,91,0,936,10.18518519,105
3,2020-06-05,84,2,889,9.002904163,88
3,2020-06-06,83,1,283,13.45565749,38
3,2020-06-07,40,0,200,13.73390558,28
3,2020-06-08,75,3,1753,11.78882624,220
3,2020-06-09,94,3,806,9.435897436,90
3,2020-06-10,96,1,1140,5.766192733,67
3,2020-06-11,89,2,1290,5.762933857,76
3,2020-06-12,80,2,1181,5.712319339,71
3,2020-06-13,84,3,483,6.104129264,31
3,2020-06-14,61,4,197,15.06276151,35
3,2020-06-15,79,6,1268,6.198347107,81
3,2020-06-16,53,0,1247,4.404466501,62
3,2020-06-17,90,4,1239,4.637336504,64
3,2020-06-18,57,5,1364,4.829545455,74
3,2020-06-19,73,4,1130,6.307583274,73
3,2020-06-20,77,0,366,3.904923599,14
3,2020-06-21,52,4,151,9.926470588,23
3,2020-06-22,29,5,1093,7.10584752,100
3,2020-06-23,46,0,1006,6.06520091,70
3,2020-06-24,72,3,1061,4.709345107,57
3,2020-06-25,71,2,1065,4.664723032,57
3,2020-06-26,68,1,1123,4.532775453,53
3,2020-06-27,50,4,325,6.813627255,29
3,2020-06-28,41,0,231,8.026755853,21
3,2020-06-29,40,3,915,5.851979346,55
3,2020-06-30,49,3,891,4.481546573,42
3,2020-07-01,31,4,776,7.755102041,64
3,2020-07-02,47,2,767,7.026476578,60
3,2020-07-03,45,2,397,7.628865979,29
3,2020-07-04,53,1,99,6.993006993,7
3,2020-07-05,38,2,195,10.48034934,25
3,2020-07-06,27,1,940,9.543568465,98
3,2020-07-07,30,0,810,8.601134216,79
3,2020-07-08,58,1,871,5.587668593,47
3,2020-07-09,75,1,765,6.138613861,43
3,2020-07-10,62,3,852,5.198237885,40
3,2020-07-11,27,2,253,5.438066465,15
3,2020-07-12,31,3,201,6.772908367,13
3,2020-07-13,25,4,957,7.223113965,78
3,2020-07-14,45,1,1034,6.848306333,80
3,2020-07-15,46,1,1004,5.334394904,62
3,2020-07-16,49,0,923,7.024793388,72
3,2020-07-17,62,1,921,7.410636443,75
3,2020-07-18,60,0,333,5.787037037,23
3,2020-07-19,51,1,213,5.839416058,14
3,2020-07-20,70,2,971,8.173076923,90
3,2020-07-21,41,0,945,6.265060241,66
3,2020-07-22,73,0,1047,6.944444444,83
3,2020-07-23,73,1,824,8.771929825,79
3,2020-07-24,60,1,872,5.862923204,57
3,2020-07-25,67,1,274,8.579088472,29
3,2020-07-26,40,2,178,9.491525424,25
3,2020-07-27,64,0,999,7.204230007,90
3,2020-07-28,34,0,903,7.686212361,74
3,2020-07-29,68,2,969,8.365310821,100
3,2020-07-30,52,0,893,6.582278481,62
3,2020-07-31,90,1,909,6.92124105,74
3,2020-08-01,99,1,319,8.571428571,32
3,2020-08-02,36,1,206,11.8466899,28
3,2020-08-03,36,0,1010,5.945945946,85
3,2020-08-04,60,0,975,6.381534284,74
3,2020-08-05,67,0,1031,5.818673884,81
3,2020-08-06,107,1,1129,6.990881459,96
3,2020-08-07,68,1,1136,6.570713392,88
3,2020-08-08,110,1,447,5.944055944,21
3,2020-08-09,53,0,267,8.498583569,32
3,2020-08-10,89,1,1364,7.475083056,112
3,2020-08-11,67,2,991,7.179818887,106
3,2020-08-12,118,1,1113,7.799619531,108
3,2020-08-13,85,1,1281,4.721977052,90
3,2020-08-14,113,0,1289,5.149583129,91
3,2020-08-15,81,0,318,5.681818182,24
3,2020-08-16,58,1,304,4.545454545,19
3,2020-08-17,50,4,1337,5.514157973,94
3,2020-08-18,40,1,1251,4.553264605,110
3,2020-08-19,92,1,1247,4.22842197,93
3,2020-08-20,85,2,1088,5.260361318,89
3,2020-08-21,117,0,1014,6.137184116,104
3,2020-08-22,47,1,360,4.831932773,22
3,2020-08-23,48,3,288,8.933002481,35
3,2020-08-24,87,3,1216,6.692693809,99
3,2020-08-25,73,2,1214,4.685990338,93
3,2020-08-26,107,0,1120,5.446058091,101
3,2020-08-27,43,1,1078,4.365904366,83
3,2020-08-28,112,1,1112,4.945370903,81
3,2020-08-29,73,3,340,6.995884774,34
3,2020-08-30,73,1,334,7.522123894,37
3,2020-08-31,45,1,1204,6.113989637,115
3,2020-09-01,87,0,1020,5.313765182,104
3,2020-09-02,121,1,1045,3.394372488,79
3,2020-09-03,80,0,1009,5.058874836,124
3,2020-09-04,112,2,939,4.047838086,80
3,2020-09-05,71,3,433,7.055214724,80
3,2020-09-06,57,5,195,3.439153439,24
3,2020-09-07,61,1,283,8.571428571,34
3,2020-09-08,100,4,1283,3.314393939,104
3,2020-09-09,70,3,1385,3.071364047,110
3,2020-09-10,93,2,1080,2.786169856,75
3,2020-09-11,97,1,894,3.510482691,68
3,2020-09-12,60,0,339,7.047619048,35
3,2020-09-13,47,2,202,12.09150327,42
3,2020-09-14,85,2,883,4.652255639,103
3,2020-09-15,54,0,1014,3.690851735,115
3,2020-09-16,75,1,998,3.457446809,108
3,2020-09-17,105,2,1059,2.919708029,59
3,2020-09-18,116,0,945,4.529147982,75
3,2020-09-19,75,1,355,6.821963394,37
3,2020-09-20,47,0,217,7.714285714,27
3,2020-09-21,49,1,1075,4.960727573,109
3,2020-09-22,61,2,1071,3.75,114
3,2020-09-23,89,2,960,4.911924119,134
3,2020-09-24,137,1,943,4.363207547,105
3,2020-09-25,108,0,871,4.95412844,102
3,2020-09-26,91,3,329,4.379562044,29
3,2020-09-27,59,2,236,5.460750853,33
3,2020-09-28,66,2,1189,5.508474576,147
3,2020-09-29,95,0,999,2.622014538,98
3,2020-09-30,82,2,953,3.778588001,113
3,2020-10-01,119,2,1031,4.004576659,114
3,2020-10-02,93,2,1009,5.031166518,109
3,2020-10-03,89,2,442,8.620689655,61
3,2020-10-04,73,1,335,10.45364892,55
3,2020-10-05,88,1,1362,6.798392498,216
3,2020-10-06,136,2,1398,3.403755869,156
3,2020-10-07,152,1,1288,4.595928439,165
3,2020-10-08,188,1,1410,5.169909962,190
3,2020-10-09,198,3,1097,8.329845123,201
3,2020-10-10,162,2,620,8.205689278,109
3,2020-10-11,133,1,358,13.04347826,86
3,2020-10-12,181,0,1393,7.835400225,255
3,2020-10-13,142,2,1598,5.191256831,268
3,2020-10-14,229,1,1448,5.766744246,246
3,2020-10-15,248,1,1527,4.675324675,225
3,2020-10-16,255,5,1078,6.376704755,164
3,2020-10-17,164,1,625,10.06160164,107
3,2020-10-18,149,1,407,12.26993865,79
3,2020-10-19,145,1,1537,6.749210974,315
3,2020-10-20,179,5,1663,5.593152866,299
3,2020-10-21,273,3,1539,7.358538442,321
3,2020-10-22,267,3,1645,7.057701478,287
3,2020-10-23,264,1,1138,10.53618298,260
3,2020-10-24,265,1,792,13.46297681,210
3,2020-10-25,180,2,512,14.78873239,130
3,2020-10-26,233,3,1920,9.291095229,500
3,2020-10-27,339,1,1920,6.841644794,429
3,2020-10-28,433,1,1891,8.875322846,404
3,2020-10-29,326,2,1899,7.945492662,423
3,2020-10-30,425,6,1528,9.681496461,377
3,2020-10-31,337,3,925,14.4504749,261
3,2020-11-01,315,0,626,18.88175985,202
3,2020-11-02,334,7,2233,10.18487395,665
3,2020-11-03,542,4,2017,,604
3,2020-11-04,472,3,2135,,663
3,2020-11-05,681,3,1629,,576
3,2020-11-06,598,5,1138,,404
3,2020-11-07,625,6,258,,98
3,2020-11-08,472,3,14,,9
4,2020-02-26,0,0,0,0,0
4,2020-02-27,0,0,0,0,0
4,2020-02-28,0,0,0,0,0
4,2020-02-29,0,0,0,0,0
4,2020-03-02,0,0,0,0,0
4,2020-03-03,0,0,0,0,0
4,2020-03-04,0,0,2,0,0
4,2020-03-05,0,0,0,0,0
4,2020-03-06,0,0,1,0,0
4,2020-03-07,0,0,0,0,0
4,2020-03-08,0,0,0,0,0
4,2020-03-09,0,0,0,0,0
4,2020-03-10,0,0,3,0,0
4,2020-03-11,0,0,3,0,0
4,2020-03-12,0,0,8,0,0
4,2020-03-13,0,0,10,0,0
4,2020-03-14,0,0,4,0,0
4,2020-03-15,0,0,3,0,0
4,2020-03-16,0,0,26,3.846153846,1
4,2020-03-17,0,0,17,5.882352941,1
4,2020-03-18,1,0,30,9.677419355,2
4,2020-03-19,1,0,60,1.666666667,1
4,2020-03-20,0,0,46,6.12244898,1
4,2020-03-21,0,0,23,4.166666667,0
4,2020-03-22,0,0,26,0,0
4,2020-03-23,2,0,73,4.054054054,4
4,2020-03-24,1,0,66,7.575757576,7
4,2020-03-25,4,0,94,3,6
4,2020-03-26,6,0,90,3.125,3
4,2020-03-27,5,1,81,2.352941176,5
4,2020-03-28,2,0,63,4.761904762,3
4,2020-03-29,5,0,53,0,2
4,2020-03-30,1,1,78,6.097560976,10
4,2020-03-31,5,0,119,3.2,12
4,2020-04-01,8,1,110,3.418803419,7
4,2020-04-02,11,0,91,6.451612903,7
4,2020-04-03,8,0,127,3.125,4
4,2020-04-04,2,0,55,13.1147541,8
4,2020-04-05,6,0,29,10,5
4,2020-04-06,11,0,69,9.85915493,10
4,2020-04-07,9,1,94,2.040816327,6
4,2020-04-08,10,1,123,6.666666667,8
4,2020-04-09,6,0,79,6.666666667,7
4,2020-04-10,7,1,116,4.761904762,8
4,2020-04-11,8,1,52,11.11111111,5
4,2020-04-12,7,0,39,6.818181818,4
4,2020-04-13,4,0,94,10.47619048,13
4,2020-04-14,9,1,130,10.79136691,16
4,2020-04-15,10,0,114,6.106870229,11
4,2020-04-16,20,0,163,12.28070175,22
4,2020-04-17,7,0,170,10.98901099,20
4,2020-04-18,25,0,75,16.27906977,16
4,2020-04-19,23,0,84,32.96703297,32
4,2020-04-20,21,0,308,26.85185185,93
4,2020-04-21,36,0,184,16.25615764,33
4,2020-04-22,75,0,201,27.77777778,61
4,2020-04-23,65,0,1220,54.22365245,683
4,2020-04-24,77,0,538,38.66906475,218
4,2020-04-25,290,0,113,19.84126984,29
4,2020-04-26,465,0,102,13.08411215,21
4,2020-04-27,97,0,419,14.60674157,84
4,2020-04-28,42,1,390,16.82692308,82
4,2020-04-29,84,0,431,10.53763441,52
4,2020-04-30,85,0,960,12.8054741,139
4,2020-05-01,30,0,1439,12.81883584,202
4,2020-05-02,165,0,140,10.59602649,17
4,2020-05-03,145,0,116,12.5984252,25
4,2020-05-04,57,2,405,15.6448203,99
4,2020-05-05,55,1,301,10.11904762,40
4,2020-05-06,69,3,447,6.288032454,39
4,2020-05-07,53,0,540,7.52,51
4,2020-05-08,56,1,406,6.966292135,37
4,2020-05-09,26,3,255,9.154929577,29
4,2020-05-10,37,0,60,5.333333333,5
4,2020-05-11,49,3,450,12.38615665,62
4,2020-05-12,36,3,441,5.708661417,36
4,2020-05-13,22,1,427,10.09708738,54
4,2020-05-14,31,3,437,8.829568789,50
4,2020-05-15,44,0,571,8.396946565,59
4,2020-05-16,26,1,134,3.409090909,5
4,2020-05-17,19,2,82,4.672897196,7
4,2020-05-18,36,3,596,8.300395257,55
4,2020-05-19,47,1,493,6.676783005,41
4,2020-05-20,58,0,504,6.165413534,31
4,2020-05-21,28,2,504,5.087719298,37
4,2020-05-22,33,2,505,4.137931034,27
4,2020-05-23,41,0,199,0.833333333,2
4,2020-05-24,25,0,88,4.62962963,5
4,2020-05-25,13,1,125,3.225806452,8
4,2020-05-26,16,0,365,6.22406639,25
4,2020-05-27,8,0,295,4.634146341,14
4,2020-05-28,17,0,331,7.834101382,27
4,2020-05-29,14,0,485,4.295532646,25
4,2020-05-30,19,0,139,0.621118012,6
4,2020-05-31,18,0,78,3.092783505,2
4,2020-06-01,18,1,471,3.386809269,19
4,2020-06-02,5,1,241,2.777777778,4
4,2020-06-03,17,0,408,3,14
4,2020-06-04,12,3,343,4.484304933,19
4,2020-06-05,15,1,423,3.787878788,17
4,2020-06-06,16,0,171,0.943396226,1
4,2020-06-07,7,0,91,2.752293578,3
4,2020-06-08,10,1,558,2.883156297,19
4,2020-06-09,6,0,337,3.393665158,12
4,2020-06-10,10,0,549,3.303303303,20
4,2020-06-11,14,0,586,1.646090535,15
4,2020-06-12,17,1,730,1.903695409,13
4,2020-06-13,14,0,361,0.45045045,3
4,2020-06-14,13,0,60,1.904761905,3
4,2020-06-15,8,0,780,2.735229759,25
4,2020-06-16,6,1,632,3.03030303,23
4,2020-06-17,14,1,595,2.482269504,21
4,2020-06-18,19,0,526,2.851108765,22
4,2020-06-19,36,0,433,2.579666161,12
4,2020-06-20,16,0,169,1.470588235,3
4,2020-06-21,13,1,99,2.43902439,4
4,2020-06-22,6,0,496,3.566121842,45
4,2020-06-23,5,0,477,4.071661238,24
4,2020-06-24,21,0,573,2.387640449,18
4,2020-06-25,40,0,466,3.902439024,25
4,2020-06-26,21,0,577,3.841059603,27
4,2020-06-27,17,1,206,3.488372093,13
4,2020-06-28,21,1,100,3.703703704,7
4,2020-06-29,16,0,522,5.970149254,45
4,2020-06-30,14,0,423,4.044117647,22
4,2020-07-01,25,0,376,3.703703704,18
4,2020-07-02,28,0,497,4.327666151,25
4,2020-07-03,20,0,283,2.445652174,9
4,2020-07-04,26,0,96,1.652892562,4
4,2020-07-05,15,1,134,4.268292683,7
4,2020-07-06,5,0,672,3.558718861,28
4,2020-07-07,13,0,499,6.481481481,41
4,2020-07-08,16,1,387,4.115226337,23
4,2020-07-09,23,0,334,4.583333333,19
4,2020-07-10,18,0,437,3.832752613,22
4,2020-07-11,13,0,241,1.666666667,6
4,2020-07-12,13,0,132,4,9
4,2020-07-13,20,1,619,4.191616766,36
4,2020-07-14,19,0,597,4.461942257,34
4,2020-07-15,25,1,599,4.607721046,41
4,2020-07-16,30,0,671,6.002265006,43
4,2020-07-17,39,0,678,2.793296089,33
4,2020-07-18,35,0,353,2.252252252,13
4,2020-07-19,21,0,121,4.191616766,6
4,2020-07-20,16,0,676,4.819277108,40
4,2020-07-21,32,1,628,4.668304668,37
4,2020-07-22,38,0,643,5.023364486,45
4,2020-07-23,37,0,668,4.712643678,49
4,2020-07-24,49,0,764,4.218600192,43
4,2020-07-25,29,0,275,2.777777778,16
4,2020-07-26,16,0,141,6.21761658,14
4,2020-07-27,37,0,766,4.290718039,40
4,2020-07-28,31,0,607,5.997818975,55
4,2020-07-29,33,0,506,5.702364395,37
4,2020-07-30,55,0,640,4.513888889,25
4,2020-07-31,59,0,693,5.578947368,49
4,2020-08-01,29,0,295,4.785894207,20
4,2020-08-02,23,0,189,2.978723404,9
4,2020-08-03,24,1,926,7.240143369,94
4,2020-08-04,47,0,1048,3.568977351,49
4,2020-08-05,57,0,1343,3.478773585,53
4,2020-08-06,77,1,1407,2.842227378,50
4,2020-08-07,65,0,1311,3.518728717,55
4,2020-08-08,51,0,515,2.190923318,17
4,2020-08-09,26,0,360,1.351351351,9
4,2020-08-10,41,1,1699,2.673312188,56
4,2020-08-11,28,1,1421,2.454642476,53
4,2020-08-12,35,1,1381,2.694136292,50
4,2020-08-13,59,1,1411,2.052451539,46
4,2020-08-14,61,2,1402,2.345619914,53
4,2020-08-15,36,1,546,1.555209953,9
4,2020-08-16,27,1,406,2.729044834,13
4,2020-08-17,25,0,1694,3.460359177,59
4,2020-08-18,15,0,1244,2.437608822,41
4,2020-08-19,45,3,1120,2.144249513,52
4,2020-08-20,50,2,1124,2.801120448,46
4,2020-08-21,62,1,1083,2.521008403,44
4,2020-08-22,20,1,427,1.551724138,12
4,2020-08-23,52,1,254,2.506963788,10
4,2020-08-24,16,0,1071,3.418339664,55
4,2020-08-25,42,1,719,2.402402402,36
4,2020-08-26,45,0,840,3.218390805,58
4,2020-08-27,38,1,711,2.642857143,32
4,2020-08-28,66,1,874,3.737658674,68
4,2020-08-29,41,0,358,3.13014827,21
4,2020-08-30,30,1,239,4.132231405,15
4,2020-08-31,22,0,1154,3.680688337,66
4,2020-09-01,62,2,1075,2.999538533,64
4,2020-09-02,32,0,1209,1.477501679,46
4,2020-09-03,89,0,915,3.622392975,60
4,2020-09-04,40,0,764,1.739130435,24
4,2020-09-05,46,0,280,7.930367505,40
4,2020-09-06,33,0,239,4.008908686,20
4,2020-09-07,12,0,521,2.755905512,31
4,2020-09-08,41,0,1020,3.076923077,88
4,2020-09-09,51,0,907,2.510621862,66
4,2020-09-10,80,0,973,1.713062099,41
4,2020-09-11,66,2,858,2.721829069,47
4,2020-09-12,33,0,271,2.626970228,17
4,2020-09-13,15,0,190,3.294117647,16
4,2020-09-14,28,0,1220,2.405773857,59
4,2020-09-15,52,1,909,2.100161551,50
4,2020-09-16,45,0,858,1.60390516,43
4,2020-09-17,39,0,776,2.154492906,44
4,2020-09-18,59,1,760,2.836004932,44
4,2020-09-19,40,0,240,4.554865424,18
4,2020-09-20,27,0,128,6.493506494,21
4,2020-09-21,29,0,839,2.17035217,59
4,2020-09-22,48,0,712,2.555762082,55
4,2020-09-23,41,0,901,2.748910493,91
4,2020-09-24,47,0,734,4.262452107,106
4,2020-09-25,125,0,775,3.405918481,63
4,2020-09-26,56,0,302,8.044164038,55
4,2020-09-27,68,0,144,6.532663317,30
4,2020-09-28,45,1,885,3.575377811,109
4,2020-09-29,58,0,688,2.726845322,68
4,2020-09-30,77,1,724,2.909090909,79
4,2020-10-01,95,0,820,2.90275762,66
4,2020-10-02,86,1,711,2.750891493,59
4,2020-10-03,44,0,315,3.818953324,34
4,2020-10-04,45,0,210,5.032467532,35
4,2020-10-05,39,1,856,5.433962264,146
4,2020-10-06,80,0,780,3.633975482,96
4,2020-10-07,123,0,740,3.088391906,97
4,2020-10-08,131,0,860,3.925233645,116
4,2020-10-09,98,2,806,5.053314789,120
4,2020-10-10,73,2,295,4.172274563,41
4,2020-10-11,84,1,207,5.555555556,36
4,2020-10-12,62,0,727,4.926499801,130
4,2020-10-13,71,1,721,4.744852283,123
4,2020-10-14,109,1,705,4.271443334,138
4,2020-10-15,151,3,796,3.764258555,95
4,2020-10-16,109,3,719,4.285048905,95
4,2020-10-17,50,1,236,5.451448041,41
4,2020-10-18,84,1,152,8.494208494,45
4,2020-10-19,90,0,889,5.042016807,180
4,2020-10-20,80,1,946,4.448507008,143
4,2020-10-21,176,1,656,5.446836269,176
4,2020-10-22,135,0,795,5.871886121,168
4,2020-10-23,149,3,820,7.229386479,188
4,2020-10-24,144,0,294,11.25541126,100
4,2020-10-25,125,3,235,8.153846154,58
4,2020-10-26,112,0,1070,7.036193369,284
4,2020-10-27,169,1,952,6.213872832,253
4,2020-10-28,244,1,844,6.664700678,244
4,2020-10-29,233,0,844,6.273440164,227
4,2020-10-30,184,2,858,7.273391813,211
4,2020-10-31,159,0,404,12.00850159,136
4,2020-11-01,199,1,267,12.33045623,109
4,2020-11-02,157,0,1087,6.949384405,316
4,2020-11-03,261,1,927,,280
4,2020-11-04,349,2,1132,,346
4,2020-11-05,230,1,912,,264
4,2020-11-06,273,0,236,,96
4,2020-11-07,289,0,107,,48
4,2020-11-08,245,3,28,,19
5,2020-02-26,0,0,0,0,1
5,2020-02-27,0,0,1,0,0
5,2020-02-28,0,0,0,0,0
5,2020-02-29,0,0,0,0,0
5,2020-03-02,0,0,2,0,0
5,2020-03-03,0,0,2,0,0
5,2020-03-04,0,0,2,0,0
5,2020-03-05,0,0,0,0,0
5,2020-03-06,1,0,3,0,1
5,2020-03-07,0,0,4,25,1
5,2020-03-08,2,0,4,25,1
5,2020-03-09,0,0,14,28.57142857,4
5,2020-03-10,4,0,20,4.761904762,1
5,2020-03-11,1,0,27,10.34482759,5
5,2020-03-12,0,0,89,7.52688172,10
5,2020-03-13,1,0,120,12.29508197,16
5,2020-03-14,0,0,58,17.74193548,14
5,2020-03-15,8,1,58,11.86440678,9
5,2020-03-16,0,1,253,14.17624521,52
5,2020-03-17,4,2,276,16.4874552,55
5,2020-03-18,8,0,279,17.08185053,57
5,2020-03-19,12,0,408,16,72
5,2020-03-20,31,4,1025,12.55946717,140
5,2020-03-21,53,4,281,22.49134948,70
5,2020-03-22,39,3,680,9.221902017,77
5,2020-03-23,63,4,577,29.83333333,195
5,2020-03-24,86,3,772,27.42927429,256
5,2020-03-25,98,3,1336,15.17094017,235
5,2020-03-26,196,5,1591,12.42350061,243
5,2020-03-27,163,1,1122,17.53670473,243
5,2020-03-28,170,8,749,19.76744186,196
5,2020-03-29,189,11,1121,10.25862069,149
5,2020-03-30,216,7,770,17.99007444,195
5,2020-03-31,273,10,1135,16.92060946,249
5,2020-04-01,254,11,1289,16.67891256,251
5,2020-04-02,179,12,1365,18.42105263,295
5,2020-04-03,267,20,1499,14.88314883,257
5,2020-04-04,270,17,921,16.54894046,171
5,2020-04-05,321,18,515,19.2920354,127
5,2020-04-06,294,14,1140,19.75708502,271
5,2020-04-07,233,20,1232,14.58944282,241
5,2020-04-08,166,11,1444,17.54278729,277
5,2020-04-09,304,20,1290,13.46423562,199
5,2020-04-10,205,15,1335,14.36931079,242
5,2020-04-11,245,8,724,13.45454545,139
5,2020-04-12,177,19,224,12.90322581,56
5,2020-04-13,96,13,1244,15.83806818,249
5,2020-04-14,208,29,1465,13.18482842,253
5,2020-04-15,164,19,1145,15.55880205,242
5,2020-04-16,286,18,1580,14.03601695,306
5,2020-04-17,197,17,1823,16.05174892,357
5,2020-04-18,355,13,712,17.31008717,144
5,2020-04-19,243,18,338,19.90950226,102
5,2020-04-20,184,22,1343,17.08253359,274
5,2020-04-21,134,25,1440,16.07041454,295
5,2020-04-22,271,25,1408,14.9382716,238
5,2020-04-23,237,25,1080,20.15725518,269
5,2020-04-24,296,20,1046,17.13836478,238
5,2020-04-25,113,22,1014,16.04938272,180
5,2020-04-26,162,13,494,9.457579972,72
5,2020-04-27,202,22,1580,17.27408887,320
5,2020-04-28,279,19,1873,15.93886463,345
5,2020-04-29,289,25,1976,13.60691145,327
5,2020-04-30,349,20,1708,11.54703522,260
5,2020-05-01,354,9,1899,13.38406446,288
5,2020-05-02,266,25,1515,14.71810089,242
5,2020-05-03,204,13,685,23.20302648,180
5,2020-05-04,147,22,2029,13.30677291,289
5,2020-05-05,467,14,1980,11.75298805,247
5,2020-05-06,222,24,1888,10.08293322,230
5,2020-05-07,233,16,1915,10.70190641,213
5,2020-05-08,267,11,2014,9.723889556,250
5,2020-05-09,132,11,945,8.863025962,102
5,2020-05-10,239,12,395,9.980430528,64
5,2020-05-11,174,15,2254,8.607863974,192
5,2020-05-12,113,16,2807,10.66969353,328
5,2020-05-13,246,12,2616,8.258928571,232
5,2020-05-14,237,20,2445,8.204966992,197
5,2020-05-15,215,13,2648,8.796433878,250
5,2020-05-16,211,12,964,6.943268417,78
5,2020-05-17,153,15,490,13.68760064,77
5,2020-05-18,187,10,2921,7.664537628,244
5,2020-05-19,158,10,2356,7.87136294,198
5,2020-05-20,238,20,1863,9.001233046,190
5,2020-05-21,149,11,2220,8.342208023,174
5,2020-05-22,150,10,2430,6.946308725,164
5,2020-05-23,129,11,763,5.607476636,57
5,2020-05-24,79,3,587,6.241331484,45
5,2020-05-25,113,5,659,8.883553421,71
5,2020-05-26,140,8,2408,7.308547823,183
5,2020-05-27,222,6,1932,6.669297553,125
5,2020-05-28,139,8,1865,6.828106391,127
5,2020-05-29,147,5,2194,5.371753824,126
5,2020-05-30,90,6,859,5.49132948,47
5,2020-05-31,65,7,475,5.892255892,33
5,2020-06-01,103,6,2193,6.430758761,137
5,2020-06-02,108,5,1454,5.247524752,103
5,2020-06-03,85,13,1685,4.888507719,98
5,2020-06-04,126,9,1747,5.168820342,95
5,2020-06-05,122,7,2179,3.965900667,103
5,2020-06-06,71,4,1328,2.950609365,37
5,2020-06-07,55,8,627,6.072351421,47
5,2020-06-08,115,7,2476,4.487587524,136
5,2020-06-09,56,10,1842,5.439495467,112
5,2020-06-10,66,8,2003,4.923664122,107
5,2020-06-11,129,4,2088,3.623968425,74
5,2020-06-12,71,4,2264,2.851941748,72
5,2020-06-13,87,1,1224,3.603603604,43
5,2020-06-14,76,7,441,6.41627543,40
5,2020-06-15,104,4,2898,2.282491944,81
5,2020-06-16,45,4,2479,2.830188679,85
5,2020-06-17,97,3,2325,3.116957392,95
5,2020-06-18,76,7,2300,3.047619048,86
5,2020-06-19,87,6,2700,2.512025655,75
5,2020-06-20,77,2,1291,3.320835565,57
5,2020-06-21,47,2,533,4.210526316,37
5,2020-06-22,89,2,3142,2.806499261,107
5,2020-06-23,49,2,2793,2.654196158,103
5,2020-06-24,69,5,2379,3.887826641,107
5,2020-06-25,84,2,2487,3.553597651,103
5,2020-06-26,120,4,2629,4.293588628,131
5,2020-06-27,71,1,1243,4.423191871,64
5,2020-06-28,75,2,1053,4.538799414,64
5,2020-06-29,84,0,2944,3.79301683,142
5,2020-06-30,98,1,2449,4.334868599,135
5,2020-07-01,90,3,2157,5.280974949,138
5,2020-07-02,126,1,2548,5.658198614,165
5,2020-07-03,78,3,1666,4.351851852,91
5,2020-07-04,146,3,659,5.07674144,45
5,2020-07-05,92,1,822,7.102803738,72
5,2020-07-06,92,3,3064,5.367162723,184
5,2020-07-07,80,2,2452,7.225100748,216
5,2020-07-08,108,0,2248,6.353322528,173
5,2020-07-09,195,2,2556,6.978699552,225
5,2020-07-10,182,1,2904,5.026455026,194
5,2020-07-11,104,1,1503,5.525751073,103
5,2020-07-12,87,3,1110,7.096774194,90
5,2020-07-13,157,2,3322,5.233348437,219
5,2020-07-14,142,2,2938,5.748218527,226
5,2020-07-15,153,2,2860,6.210691824,229
5,2020-07-16,196,0,3171,5.92575513,278
5,2020-07-17,230,1,3801,5.611022364,283
5,2020-07-18,230,1,1817,4.694048617,105
5,2020-07-19,149,3,1028,7.870036101,104
5,2020-07-20,233,3,3867,5.250965251,264
5,2020-07-21,174,1,3501,6.299045599,271
5,2020-07-22,254,1,3282,6.546681665,283
5,2020-07-23,285,1,3394,5.707091901,254
5,2020-07-24,257,0,3400,5.733277939,267
5,2020-07-25,247,2,1854,5.724299065,139
5,2020-07-26,182,0,895,8.249027237,100
5,2020-07-27,224,2,3498,6.173795239,297
5,2020-07-28,207,2,3343,6.219211823,292
5,2020-07-29,271,2,3109,7.208994709,340
5,2020-07-30,268,1,3131,5.270773047,248
5,2020-07-31,261,4,3501,5.434782609,262
5,2020-08-01,233,4,1700,5.986218777,136
5,2020-08-02,209,3,955,6.742370476,97
5,2020-08-03,273,3,4027,5.634535368,304
5,2020-08-04,200,1,3898,5.634544497,309
5,2020-08-05,267,2,3708,5.373961219,287
5,2020-08-06,326,2,3835,5.385556916,306
5,2020-08-07,346,2,3696,5.105666729,236
5,2020-08-08,272,3,1759,5.037094885,118
5,2020-08-09,198,0,1197,5.400890869,94
5,2020-08-10,228,1,4431,4.441624365,265
5,2020-08-11,213,3,3824,4.564666103,252
5,2020-08-12,236,1,4031,4.973417939,291
5,2020-08-13,277,2,4003,3.876089664,230
5,2020-08-14,268,1,4483,4.333726415,276
5,2020-08-15,203,0,1929,4.06295754,116
5,2020-08-16,114,3,1292,4.377766847,81
5,2020-08-17,289,3,4958,4.493135487,285
5,2020-08-18,157,1,4874,3.461945032,250
5,2020-08-19,238,1,4538,3.737166324,263
5,2020-08-20,262,1,4058,3.447255511,215
5,2020-08-21,264,0,3782,4.183362718,244
5,2020-08-22,159,1,1654,5.377240517,137
5,2020-08-23,150,2,1011,6.641123883,90
5,2020-08-24,193,2,3590,5.592841163,311
5,2020-08-25,226,1,3424,4.775565305,296
5,2020-08-26,286,0,3044,5.379692095,329
5,2020-08-27,207,2,3144,4.609929078,282
5,2020-08-28,265,1,3107,4.396371249,291
5,2020-08-29,204,2,1319,5.986903648,145
5,2020-08-30,255,0,716,4.463586531,64
5,2020-08-31,161,1,3263,5.446824225,295
5,2020-09-01,256,1,2985,4.245543099,225
5,2020-09-02,215,2,2779,4.487179487,274
5,2020-09-03,209,1,2823,3.578874218,207
5,2020-09-04,215,3,2641,4.197252023,204
5,2020-09-05,206,0,1099,5.576012625,105
5,2020-09-06,109,2,650,4.761904762,53
5,2020-09-07,68,1,794,5.182072829,84
5,2020-09-08,121,4,3421,3.868113046,273
5,2020-09-09,156,1,3152,3.166308023,197
5,2020-09-10,223,2,3068,3.523203477,236
5,2020-09-11,203,1,2927,3.054792306,201
5,2020-09-12,171,2,1259,4.098360656,93
5,2020-09-13,146,5,654,7.538167939,73
5,2020-09-14,114,0,3074,3.863710466,239
5,2020-09-15,124,2,2632,2.886302025,192
5,2020-09-16,177,2,2471,3.550398337,209
5,2020-09-17,623,0,2539,2.942587558,192
5,2020-09-18,255,2,2557,3.190581812,190
5,2020-09-19,113,2,1111,4.667328699,97
5,2020-09-20,86,0,605,4.590818363,53
5,2020-09-21,169,2,3185,3.79828673,237
5,2020-09-22,176,1,2750,3.559769936,226
5,2020-09-23,220,1,2679,3.423395763,233
5,2020-09-24,230,2,2788,3.113069016,196
5,2020-09-25,236,0,2470,3.464160678,190
5,2020-09-26,133,4,1157,5.95065312,118
5,2020-09-27,182,1,624,6.507791017,74
5,2020-09-28,129,2,2921,4.387242998,292
5,2020-09-29,194,0,2939,3.834449178,281
5,2020-09-30,208,1,2785,3.986763315,269
5,2020-10-01,319,0,2871,3.743161532,275
5,2020-10-02,254,1,3280,4.018294675,223
5,2020-10-03,275,1,1578,4.581005587,139
5,2020-10-04,116,1,1133,6.648501362,118
5,2020-10-05,188,3,3833,4.315514993,348
5,2020-10-06,228,1,3155,3.499597747,303
5,2020-10-07,266,2,3270,4.222312154,366
5,2020-10-08,339,0,3129,4.374223817,372
5,2020-10-09,341,1,2936,4.744690465,332
5,2020-10-10,295,0,1608,6.18629174,204
5,2020-10-11,253,3,981,9.583333333,159
5,2020-10-12,322,5,3012,5.756001685,445
5,2020-10-13,217,3,2743,5.298776098,421
5,2020-10-14,394,1,3005,4.961615013,396
5,2020-10-15,424,3,3145,4.878685103,392
5,2020-10-16,424,4,2878,5.85618977,394
5,2020-10-17,255,2,1637,7.615563685,244
5,2020-10-18,294,2,1068,7.37704918,158
5,2020-10-19,268,4,3391,6.979617048,586
5,2020-10-20,382,4,3230,6.238880323,551
5,2020-10-21,540,7,3129,5.865541644,467
5,2020-10-22,491,5,3067,6.848066658,567
5,2020-10-23,576,4,3047,8.392801738,515
5,2020-10-24,338,6,1714,9.797409499,303
5,2020-10-25,399,9,1144,12.65206813,273
5,2020-10-26,353,3,3913,7.610132159,755
5,2020-10-27,424,4,3728,6.454816286,666
5,2020-10-28,742,6,3791,7.594222523,736
5,2020-10-29,641,4,3732,8.426966292,721
5,2020-10-30,704,9,3733,9.122160835,743
5,2020-10-31,478,7,2061,10.25915041,410
5,2020-11-01,600,6,1356,13.53297953,342
5,2020-11-02,554,9,4573,10.00402982,1107
5,2020-11-03,853,7,4269,,1047
5,2020-11-04,909,4,4442,,1150
5,2020-11-05,929,5,3248,,811
5,2020-11-06,1157,2,1404,,372
5,2020-11-07,907,2,506,,175
5,2020-11-08,814,5,31,,21
6,2020-02-26,0,0,0,0,0
6,2020-02-27,0,0,0,0,0
6,2020-02-28,0,0,0,0,0
6,2020-02-29,0,0,1,0,0
6,2020-03-02,0,0,0,0,0
6,2020-03-03,0,0,0,0,0
6,2020-03-04,0,0,0,0,0
6,2020-03-05,0,0,0,0,0
6,2020-03-06,0,0,0,0,0
6,2020-03-07,0,0,0,0,0
6,2020-03-08,0,0,0,0,0
6,2020-03-09,0,0,2,50,1
6,2020-03-10,1,0,1,0,0
6,2020-03-11,0,0,3,0,0
6,2020-03-12,0,0,12,0,0
6,2020-03-13,0,0,12,0,0
6,2020-03-14,0,0,7,14.28571429,1
6,2020-03-15,1,0,4,20,1
6,2020-03-16,0,0,40,10,5
6,2020-03-17,2,0,52,5.769230769,4
6,2020-03-18,3,1,70,5.633802817,6
6,2020-03-19,1,0,70,2.777777778,4
6,2020-03-20,2,0,82,13.95348837,12
6,2020-03-21,5,1,59,8.333333333,7
6,2020-03-22,4,0,50,11.32075472,5
6,2020-03-23,1,0,126,7.086614173,14
6,2020-03-24,6,1,127,10.85271318,17
6,2020-03-25,2,1,147,9.333333333,17
6,2020-03-26,11,0,149,12.4260355,23
6,2020-03-27,11,0,172,18.96551724,31
6,2020-03-28,20,0,93,19,20
6,2020-03-29,20,2,103,22.01834862,26
6,2020-03-30,16,2,159,16.46341463,26
6,2020-03-31,28,4,166,17.12707182,30
6,2020-04-01,32,4,194,9.615384615,18
6,2020-04-02,21,3,188,12.62626263,24
6,2020-04-03,26,0,208,10.0456621,24
6,2020-04-04,34,3,109,14.03508772,14
6,2020-04-05,29,4,117,25.61983471,36
6,2020-04-06,48,3,180,16.66666667,33
6,2020-04-07,29,2,340,26.38888889,99
6,2020-04-08,20,4,227,16.46586345,41
6,2020-04-09,75,4,140,9.655172414,11
6,2020-04-10,43,0,164,11.11111111,21
6,2020-04-11,28,3,108,5.882352941,13
6,2020-04-12,23,2,57,10.14492754,6
6,2020-04-13,10,3,175,10.3960396,22
6,2020-04-14,18,5,183,16.82692308,38
6,2020-04-15,25,3,229,19.21568627,56
6,2020-04-16,41,6,252,11.19133574,40
6,2020-04-17,36,3,261,12.37458194,38
6,2020-04-18,55,3,140,5,15
6,2020-04-19,23,7,144,7.333333333,25
6,2020-04-20,27,2,291,11.72839506,37
6,2020-04-21,20,2,280,10.56105611,34
6,2020-04-22,19,3,377,12.04545455,52
6,2020-04-23,51,1,301,25.66371681,80
6,2020-04-24,39,2,270,13.1147541,41
6,2020-04-25,41,0,204,10.85972851,22
6,2020-04-26,46,4,142,6.790123457,10
6,2020-04-27,21,3,407,8.771929825,40
6,2020-04-28,30,1,336,8.447488584,34
6,2020-04-29,47,4,407,8.613445378,41
6,2020-04-30,31,6,352,7.920792079,28
6,2020-05-01,44,5,596,6.382978723,32
6,2020-05-02,19,3,255,6.909090909,18
6,2020-05-03,30,1,101,8.527131783,9
6,2020-05-04,26,1,404,9.81595092,40
6,2020-05-05,35,1,397,13.76518219,51
6,2020-05-06,38,0,511,6.598984772,27
6,2020-05-07,31,3,497,6.914893617,54
6,2020-05-08,42,1,557,3.2,19
6,2020-05-09,25,2,454,4.868154158,23
6,2020-05-10,24,1,107,7.518796992,12
6,2020-05-11,17,1,759,7.134637514,67
6,2020-05-12,28,3,522,8.031496063,58
6,2020-05-13,24,0,627,4.545454545,30
6,2020-05-14,48,2,630,4.521276596,28
6,2020-05-15,61,2,757,7.891770011,71
6,2020-05-16,30,3,283,6.64652568,24
6,2020-05-17,49,5,91,4.918032787,6
6,2020-05-18,19,4,783,8.059701493,74
6,2020-05-19,46,6,717,6.793802145,54
6,2020-05-20,65,1,516,3.872053872,30
6,2020-05-21,30,8,713,7.420924574,68
6,2020-05-22,31,1,854,3.631010795,32
6,2020-05-23,39,3,226,2.857142857,9
6,2020-05-24,29,2,141,6.470588235,10
6,2020-05-25,32,7,176,4.587155963,9
6,2020-05-26,32,5,867,3.980582524,39
6,2020-05-27,18,4,635,3.087248322,21
6,2020-05-28,42,1,538,3.111111111,24
6,2020-05-29,21,5,536,3.975535168,22
6,2020-05-30,23,4,261,2.98013245,13
6,2020-05-31,26,3,108,3.968253968,6
6,2020-06-01,19,4,679,3.391812865,21
6,2020-06-02,22,1,532,4.647676162,27
6,2020-06-03,15,2,568,2.148997135,8
6,2020-06-04,29,0,611,1.641586867,12
6,2020-06-05,16,0,663,2.151898734,15
6,2020-06-06,7,1,344,1.466992665,6
6,2020-06-07,13,3,105,1.550387597,2
6,2020-06-08,11,1,777,3.448275862,26
6,2020-06-09,6,4,604,2.529960053,21
6,2020-06-10,29,3,639,2.777777778,13
6,2020-06-11,13,1,1054,1.577761082,21
6,2020-06-12,21,2,1018,1.1404134,15
6,2020-06-13,20,1,446,0.843881857,5
6,2020-06-14,8,2,113,1.910828025,4
6,2020-06-15,10,0,1022,1.615384615,22
6,2020-06-16,10,2,872,1.868327402,12
6,2020-06-17,25,1,838,1.615508885,11
6,2020-06-18,13,2,982,0.992366412,8
6,2020-06-19,10,0,993,1.239669421,16
6,2020-06-20,13,4,483,1.344086022,15
6,2020-06-21,9,1,112,2.371541502,6
6,2020-06-22,13,1,1075,2.42510699,33
6,2020-06-23,17,0,805,2.393617021,25
6,2020-06-24,25,1,803,3.616813294,36
6,2020-06-25,25,0,644,2.297592998,19
6,2020-06-26,28,2,704,3.153153153,28
6,2020-06-27,12,0,305,1.25,5
6,2020-06-28,19,3,152,4.255319149,9
6,2020-06-29,21,1,865,3.658536585,45
6,2020-06-30,8,0,784,3.012633625,30
6,2020-07-01,15,1,588,3.436426117,28
6,2020-07-02,35,1,676,4.464285714,37
6,2020-07-03,31,0,389,2.718446602,14
6,2020-07-04,42,0,183,4.8,10
6,2020-07-05,18,0,140,5.729166667,11
6,2020-07-06,20,1,851,4.533565824,48
6,2020-07-07,14,1,840,3.813953488,40
6,2020-07-08,34,1,662,5.937136205,50
6,2020-07-09,39,1,775,3.560528993,39
6,2020-07-10,23,0,777,5.945419103,47
6,2020-07-11,35,1,379,2.988047809,19
6,2020-07-12,22,0,128,5.263157895,10
6,2020-07-13,42,0,1009,5.29369108,70
6,2020-07-14,35,0,960,4.791344668,63
6,2020-07-15,69,2,925,4.105344694,49
6,2020-07-16,29,1,1034,4.502541757,61
6,2020-07-17,40,0,1011,3.882783883,57
6,2020-07-18,70,1,482,4.754098361,26
6,2020-07-19,39,1,172,6.048387097,19
6,2020-07-20,37,2,1065,6.312292359,85
6,2020-07-21,34,1,1021,6.258503401,78
6,2020-07-22,96,2,898,5.891594658,71
6,2020-07-23,71,0,965,6.079027356,75
6,2020-07-24,64,1,1078,4.676018704,66
6,2020-07-25,51,0,442,3.741496599,23
6,2020-07-26,49,1,152,6.465517241,14
6,2020-07-27,54,0,1194,6.183745583,89
6,2020-07-28,41,1,1106,5.867665418,82
6,2020-07-29,87,2,1063,5.8403634,82
6,2020-07-30,84,0,1068,4.915824916,86
6,2020-07-31,72,2,1165,5.311355311,76
6,2020-08-01,48,1,428,4.074702886,25
6,2020-08-02,20,1,204,8.888888889,24
6,2020-08-03,107,1,1312,7.012195122,127
6,2020-08-04,55,0,1145,6.44963145,100
6,2020-08-05,107,1,1208,6.165494862,101
6,2020-08-06,95,2,1282,6.278538813,95
6,2020-08-07,94,3,1375,5.49898167,103
6,2020-08-08,88,3,515,3.773584906,27
6,2020-08-09,48,0,231,7.645259939,29
6,2020-08-10,76,0,1660,5.44472153,174
6,2020-08-11,80,0,1140,5.780022447,89
6,2020-08-12,130,5,1196,5.176093917,88
6,2020-08-13,73,2,1227,3.958944282,71
6,2020-08-14,130,2,1308,4.374057315,92
6,2020-08-15,71,0,470,3.115264798,21
6,2020-08-16,36,2,284,6.367924528,29
6,2020-08-17,68,2,1433,4.894784995,86
6,2020-08-18,53,0,1372,3.348876643,83
6,2020-08-19,79,1,1249,3.727634195,74
6,2020-08-20,78,0,1137,4.398516163,84
6,2020-08-21,77,1,1221,4.234841193,88
6,2020-08-22,64,4,504,4.160887656,32
6,2020-08-23,43,1,200,6.40569395,16
6,2020-08-24,61,0,1094,6.031016657,104
6,2020-08-25,69,0,1109,5.208870552,105
6,2020-08-26,112,0,1194,8.012820513,159
6,2020-08-27,67,2,1467,6.017975772,166
6,2020-08-28,153,2,1132,6.434184676,140
6,2020-08-29,135,0,590,10.09975062,85
6,2020-08-30,109,3,278,10.28037383,58
6,2020-08-31,126,4,1373,8.791208791,200
6,2020-09-01,86,0,1395,5.812417437,183
6,2020-09-02,183,0,1334,4.920634921,163
6,2020-09-03,180,0,1052,5.061559508,115
6,2020-09-04,175,1,1054,6.969540527,115
6,2020-09-05,127,2,387,5.862646566,34
6,2020-09-06,65,4,160,13.02681992,39
6,2020-09-07,45,1,289,11.94690265,49
6,2020-09-08,84,1,1242,4.943899018,144
6,2020-09-09,80,0,1191,3.508064516,89
6,2020-09-10,127,2,1196,3.07746728,93
6,2020-09-11,91,3,1030,4.965831435,120
6,2020-09-12,70,0,421,4.336399474,28
6,2020-09-13,87,1,166,9.025270758,27
6,2020-09-14,44,1,1040,5.067715159,114
6,2020-09-15,63,0,959,2.145620823,73
6,2020-09-16,93,1,792,2.874049028,64
6,2020-09-17,93,0,953,3.434117208,80
6,2020-09-18,86,1,860,5.052878966,87
6,2020-09-19,73,0,328,2.873563218,24
6,2020-09-20,39,1,139,8.296943231,18
6,2020-09-21,31,0,929,3.664921466,96
6,2020-09-22,60,3,939,3.153022852,102
6,2020-09-23,62,0,846,3.615482773,80
6,2020-09-24,107,1,858,3.034580099,106
6,2020-09-25,79,2,859,3.840084166,86
6,2020-09-26,82,3,368,5.201342282,44
6,2020-09-27,68,1,139,15.05376344,48
6,2020-09-28,67,3,995,5.719986698,182
6,2020-09-29,90,8,992,5.291762014,199
6,2020-09-30,123,1,811,4.182955434,115
6,2020-10-01,164,3,944,4.898648649,133
6,2020-10-02,144,0,1008,5.069124424,132
6,2020-10-03,98,4,440,5.451936872,57
6,2020-10-04,97,1,260,9.594882729,53
6,2020-10-05,125,1,1344,5.677867903,227
6,2020-10-06,147,0,1110,3.620146905,177
6,2020-10-07,145,1,1034,4.282800816,165
6,2020-10-08,169,2,1124,4.842689698,208
6,2020-10-09,166,4,1026,5.965909091,165
6,2020-10-10,164,3,429,8.781869688,73
6,2020-10-11,157,3,209,15.57377049,66
6,2020-10-12,131,0,981,7.832898172,213
6,2020-10-13,95,4,1495,5.487804878,315
6,2020-10-14,205,5,1141,5.596269154,221
6,2020-10-15,269,7,1270,5.482581382,266
6,2020-10-16,269,5,1203,8.367346939,232
6,2020-10-17,183,1,533,8.306709265,118
6,2020-10-18,163,5,211,20.76923077,70
6,2020-10-19,151,3,1686,8.789304283,404
6,2020-10-20,175,3,1380,5.617977528,259
6,2020-10-21,322,1,1462,7.134767837,282
6,2020-10-22,278,2,1280,6.611813106,271
6,2020-10-23,289,2,1222,10.19736842,337
6,2020-10-24,177,3,553,11.28148959,148
6,2020-10-25,227,2,303,16.2835249,90
6,2020-10-26,224,6,1738,8.484723369,580
6,2020-10-27,288,4,1500,5.165057265,305
6,2020-10-28,447,5,1388,7.183098592,301
6,2020-10-29,439,7,1770,6.195110373,420
6,2020-10-30,311,4,1489,8.25426945,322
6,2020-10-31,246,7,587,9.510357815,142
6,2020-11-01,198,7,298,18.56677524,129
6,2020-11-02,224,3,1776,7.401755055,493
6,2020-11-03,337,4,1342,,385
6,2020-11-04,481,3,1678,,464
6,2020-11-05,402,3,1135,,315
6,2020-11-06,396,7,544,,157
6,2020-11-07,361,4,87,,55
6,2020-11-08,321,2,23,,16
7,2020-02-26,0,0,0,0,0
7,2020-02-27,0,0,0,0,0
7,2020-02-28,0,0,0,0,0
7,2020-02-29,0,0,0,0,0
7,2020-03-02,0,0,0,0,0
7,2020-03-03,0,0,0,0,0
7,2020-03-04,0,0,0,0,0
7,2020-03-05,0,0,0,0,0
7,2020-03-06,0,0,0,0,0
7,2020-03-07,0,0,0,0,0
7,2020-03-08,0,0,0,0,0
7,2020-03-09,0,0,1,0,0
7,2020-03-10,0,0,0,0,0
7,2020-03-11,0,0,1,0,0
7,2020-03-12,0,0,3,0,0
7,2020-03-13,0,0,1,0,0
7,2020-03-14,0,0,3,0,0
7,2020-03-15,0,0,3,0,0
7,2020-03-16,0,0,10,9.090909091,1
7,2020-03-17,0,0,25,8,3
7,2020-03-18,1,0,17,5.882352941,1
7,2020-03-19,1,0,14,0,1
7,2020-03-20,1,0,24,0,0
7,2020-03-21,0,0,15,6.666666667,1
7,2020-03-22,0,0,10,40,5
7,2020-03-23,2,0,40,7.142857143,4
7,2020-03-24,3,0,38,7.692307692,3
7,2020-03-25,0,1,43,13.63636364,8
7,2020-03-26,1,1,50,15.38461538,6
7,2020-03-27,8,0,59,13.1147541,7
7,2020-03-28,7,0,36,5.405405405,3
7,2020-03-29,1,0,34,13.88888889,6
7,2020-03-30,5,0,60,15,12
7,2020-03-31,6,1,70,9.459459459,8
7,2020-04-01,9,0,67,11.26760563,8
7,2020-04-02,7,0,82,9.523809524,9
7,2020-04-03,6,0,77,16.66666667,13
7,2020-04-04,13,0,60,9.523809524,6
7,2020-04-05,13,0,36,23.68421053,7
7,2020-04-06,10,0,56,21.66666667,13
7,2020-04-07,12,0,99,11.65048544,14
7,2020-04-08,13,1,80,4.651162791,2
7,2020-04-09,8,2,75,8.75,9
7,2020-04-10,5,0,46,8,3
7,2020-04-11,8,1,40,17.07317073,7
7,2020-04-12,7,1,24,8,3
7,2020-04-13,6,1,156,10.97560976,18
7,2020-04-14,9,0,87,8.333333333,10
7,2020-04-15,14,2,84,7.291666667,7
7,2020-04-16,7,0,109,11.40350877,13
7,2020-04-17,13,1,85,10.22727273,8
7,2020-04-18,13,1,65,2.985074627,3
7,2020-04-19,3,1,32,5.263157895,2
7,2020-04-20,10,1,96,9.009009009,8
7,2020-04-21,1,1,79,3.296703297,3
7,2020-04-22,3,0,68,7.692307692,6
7,2020-04-23,7,0,61,5.633802817,4
7,2020-04-24,4,1,53,4.918032787,3
7,2020-04-25,1,1,73,8.974358974,6
7,2020-04-26,0,0,59,9.230769231,5
7,2020-04-27,2,0,124,6.944444444,11
7,2020-04-28,16,0,140,5.063291139,5
7,2020-04-29,8,0,177,21.93877551,39
7,2020-04-30,38,0,106,6.722689076,7
7,2020-05-01,10,0,140,5,6
7,2020-05-02,5,2,52,4.761904762,3
7,2020-05-03,3,1,51,3.571428571,3
7,2020-05-04,6,0,147,7.453416149,12
7,2020-05-05,8,0,196,22.13114754,52
7,2020-05-06,34,1,198,4.739336493,7
7,2020-05-07,24,0,198,3.271028037,7
7,2020-05-08,9,0,202,3.196347032,9
7,2020-05-09,4,2,80,6.741573034,4
7,2020-05-10,8,4,38,3.846153846,2
7,2020-05-11,8,1,316,6.424581006,17
7,2020-05-12,3,1,211,3.658536585,11
7,2020-05-13,20,0,272,10.89108911,35
7,2020-05-14,10,2,464,3.861788618,16
7,2020-05-15,26,2,396,3.044496487,15
7,2020-05-16,19,1,110,4.132231405,5
7,2020-05-17,7,0,86,3.06122449,4
7,2020-05-18,5,1,365,3.96039604,15
7,2020-05-19,15,1,218,3.2,8
7,2020-05-20,13,0,240,3.358208955,9
7,2020-05-21,4,2,386,2.064220183,9
7,2020-05-22,9,1,348,2.412868633,8
7,2020-05-23,11,1,117,6.870229008,9
7,2020-05-24,7,0,61,6.944444444,5
7,2020-05-25,2,1,51,5.172413793,3
7,2020-05-26,7,0,246,5.479452055,13
7,2020-05-27,12,0,201,3.587443946,8
7,2020-05-28,15,0,402,2.267573696,9
7,2020-05-29,9,0,294,0.9375,3
7,2020-05-30,3,2,72,1.234567901,1
7,2020-05-31,0,0,47,3.636363636,2
7,2020-06-01,4,1,403,3.3632287,13
7,2020-06-02,9,0,212,0.816326531,2
7,2020-06-03,10,1,307,2.976190476,11
7,2020-06-04,4,1,280,4.559270517,14
7,2020-06-05,7,2,271,3.205128205,9
7,2020-06-06,13,0,97,1.769911504,3
7,2020-06-07,4,0,70,3.529411765,3
7,2020-06-08,6,0,446,1.518026565,8
7,2020-06-09,7,0,314,0.519480519,3
7,2020-06-10,4,0,312,1.160092807,5
7,2020-06-11,5,0,420,0.407331976,2
7,2020-06-12,2,1,430,0.689655172,2
7,2020-06-13,5,0,230,0.272479564,4
7,2020-06-14,3,0,56,4.411764706,2
7,2020-06-15,4,0,447,1.727447217,6
7,2020-06-16,3,0,416,0.666666667,2
7,2020-06-17,4,0,494,0.425531915,2
7,2020-06-18,4,0,246,1.024590164,4
7,2020-06-19,3,0,506,0.338409475,1
7,2020-06-20,2,0,125,0,0
7,2020-06-21,2,1,47,1.388888889,1
7,2020-06-22,1,0,455,1.441441441,7
7,2020-06-23,2,0,333,1.293103448,6
7,2020-06-24,2,0,267,2.064896755,6
7,2020-06-25,9,2,434,0.193050193,2
7,2020-06-26,5,0,334,1.996370236,9
7,2020-06-27,1,0,160,2.181818182,5
7,2020-06-28,4,0,57,4.347826087,3
7,2020-06-29,3,1,370,2.826086957,11
7,2020-06-30,4,0,278,1.075268817,5
7,2020-07-01,3,0,236,1.587301587,4
7,2020-07-02,7,0,250,3.184713376,10
7,2020-07-03,3,0,159,3.535353535,6
7,2020-07-04,7,0,51,5.797101449,4
7,2020-07-05,5,0,53,5.128205128,5
7,2020-07-06,3,0,392,3.976143141,22
7,2020-07-07,4,0,316,2.337662338,9
7,2020-07-08,10,1,303,3.804347826,14
7,2020-07-09,21,0,344,4.255319149,16
7,2020-07-10,9,0,376,3.232758621,13
7,2020-07-11,9,0,91,8.474576271,11
7,2020-07-12,12,0,56,7.352941176,7
7,2020-07-13,8,1,421,3.663003663,23
7,2020-07-14,13,0,367,3.21888412,15
7,2020-07-15,18,0,318,5.04587156,20
7,2020-07-16,12,1,381,2.05338809,12
7,2020-07-17,16,0,407,3.262955854,15
7,2020-07-18,18,0,123,3.636363636,5
7,2020-07-19,13,0,72,6.896551724,6
7,2020-07-20,16,0,513,6.842923795,36
7,2020-07-21,18,1,428,3.649635036,19
7,2020-07-22,32,0,389,5.827067669,25
7,2020-07-23,20,0,414,4.452690167,21
7,2020-07-24,35,0,396,4.4921875,23
7,2020-07-25,15,0,108,6.944444444,9
7,2020-07-26,4,0,58,6.944444444,9
7,2020-07-27,22,1,564,5.67867036,37
7,2020-07-28,16,0,465,4.522613065,24
7,2020-07-29,30,1,394,6.985294118,37
7,2020-07-30,32,0,465,7.5,43
7,2020-07-31,49,0,450,9.591474245,46
7,2020-08-01,27,0,132,11.875,19
7,2020-08-02,9,0,96,15,17
7,2020-08-03,65,0,569,7.330567082,57
7,2020-08-04,32,0,721,10.47717842,100
7,2020-08-05,73,0,577,8.559782609,60
7,2020-08-06,75,0,648,8.413461538,65
7,2020-08-07,55,1,702,8.156028369,92
7,2020-08-08,61,0,146,10.92896175,20
7,2020-08-09,34,0,123,6.563706564,15
7,2020-08-10,76,0,820,8.645054032,110
7,2020-08-11,39,1,568,7.403055229,62
7,2020-08-12,78,1,729,6.598513011,72
7,2020-08-13,56,1,691,5.822981366,80
7,2020-08-14,75,0,699,7.169117647,71
7,2020-08-15,50,0,154,14.57286432,29
7,2020-08-16,52,1,113,12.83783784,23
7,2020-08-17,70,0,912,6.043956044,73
7,2020-08-18,48,1,1018,6.352201258,94
7,2020-08-19,76,0,735,6.90316395,70
7,2020-08-20,103,2,756,6.734006734,83
7,2020-08-21,73,0,628,5.863874346,54
7,2020-08-22,44,1,140,7.853403141,13
7,2020-08-23,26,1,114,10.88435374,19
7,2020-08-24,47,1,817,8.340214699,98
7,2020-08-25,41,2,657,7.19237435,85
7,2020-08-26,70,0,650,6.548175865,67
7,2020-08-27,57,1,641,13.12169312,117
7,2020-08-28,80,1,575,3.726082578,44
7,2020-08-29,43,1,130,9.239130435,19
7,2020-08-30,22,0,80,8.737864078,8
7,2020-08-31,87,0,761,5.786471068,72
7,2020-09-01,67,1,597,5.400696864,69
7,2020-09-02,39,0,514,4.69043152,49
7,2020-09-03,67,0,506,3.227848101,53
7,2020-09-04,28,1,526,3.729146222,43
7,2020-09-05,66,0,169,3.875968992,14
7,2020-09-06,32,2,76,9.174311927,9
7,2020-09-07,7,0,88,9.554140127,15
7,2020-09-08,44,0,658,3.992953611,65
7,2020-09-09,55,1,544,3.223388306,42
7,2020-09-10,45,1,415,2.731092437,40
7,2020-09-11,35,1,435,4.451682953,44
7,2020-09-12,27,0,149,8.097165992,20
7,2020-09-13,36,0,54,3.157894737,2
7,2020-09-14,21,1,555,3.052422031,73
7,2020-09-15,20,1,396,1.488095238,21
7,2020-09-16,24,1,344,2.290836653,22
7,2020-09-17,64,2,408,2.039007092,20
7,2020-09-18,31,2,358,2.730819246,23
7,2020-09-19,26,0,111,4.081632653,8
7,2020-09-20,10,1,42,9.638554217,6
7,2020-09-21,17,0,411,3.682310469,54
7,2020-09-22,19,0,388,2.481985588,31
7,2020-09-23,28,1,334,4.901960784,40
7,2020-09-24,51,1,406,3.212520593,43
7,2020-09-25,35,0,317,3.314917127,29
7,2020-09-26,17,1,98,6.097560976,19
7,2020-09-27,40,0,77,20,24
7,2020-09-28,23,2,466,4.154302671,56
7,2020-09-29,44,0,408,3.161512027,65
7,2020-09-30,49,0,351,6.110458284,49
7,2020-10-01,45,0,332,3.7109375,44
7,2020-10-02,57,0,428,4.952830189,46
7,2020-10-03,25,1,135,5.300353357,18
7,2020-10-04,25,2,86,9.395973154,15
7,2020-10-05,50,2,510,4.292929293,58
7,2020-10-06,35,0,612,2.567027952,73
7,2020-10-07,68,2,449,4.888507719,92
7,2020-10-08,54,0,548,3.489294211,71
7,2020-10-09,105,1,469,6.853281853,92
7,2020-10-10,60,0,204,7.894736842,36
7,2020-10-11,63,1,94,17.28395062,30
7,2020-10-12,66,2,397,7.742461288,87
7,2020-10-13,38,0,548,5.360824742,129
7,2020-10-14,79,0,572,6.882911392,98
7,2020-10-15,79,0,578,5.44452102,110
7,2020-10-16,130,4,489,6.492146597,90
7,2020-10-17,76,3,275,7.857142857,43
7,2020-10-18,69,0,100,19.89247312,31
7,2020-10-19,82,2,639,5.431971029,143
7,2020-10-20,61,1,607,5.656934307,120
7,2020-10-21,112,3,493,6.412337662,108
7,2020-10-22,103,1,528,8.427454387,112
7,2020-10-23,90,1,484,11.11111111,113
7,2020-10-24,79,1,218,8.369098712,53
7,2020-10-25,66,0,150,12.74900398,36
7,2020-10-26,91,2,693,5.701943844,148
7,2020-10-27,128,2,701,4.805914972,105
7,2020-10-28,113,2,615,9.582790091,158
7,2020-10-29,102,4,621,10.17369727,135
7,2020-10-30,126,3,572,7.295796987,95
7,2020-10-31,99,4,286,10.17316017,66
7,2020-11-01,106,4,180,20.72727273,60
7,2020-11-02,134,2,714,6.797281088,223
7,2020-11-03,103,5,569,,160
7,2020-11-04,197,7,576,,220
7,2020-11-05,167,1,444,,149
7,2020-11-06,178,5,194,,63
7,2020-11-07,243,0,28,,15
7,2020-11-08,84,0,4,,4
8,2020-02-26,0,0,1,0,0
8,2020-02-27,0,0,0,0,0
8,2020-02-28,0,0,0,0,0
8,2020-02-29,0,0,1,0,0
8,2020-03-02,0,0,0,0,0
8,2020-03-03,0,0,0,0,0
8,2020-03-04,0,0,0,0,0
8,2020-03-05,0,0,0,0,0
8,2020-03-06,0,0,0,0,0
8,2020-03-07,0,0,0,0,0
8,2020-03-08,0,0,0,0,0
8,2020-03-09,0,0,0,0,0
8,2020-03-10,0,0,3,0,0
8,2020-03-11,0,0,1,0,0
8,2020-03-12,0,0,5,0,0
8,2020-03-13,0,0,3,33.33333333,1
8,2020-03-14,0,0,3,66.66666667,2
8,2020-03-15,1,0,5,0,0
8,2020-03-16,0,0,14,14.28571429,2
8,2020-03-17,0,0,13,0,0
8,2020-03-18,0,0,16,12.5,2
8,2020-03-19,0,0,24,0,0
8,2020-03-20,0,0,49,14,8
8,2020-03-21,6,0,14,17.64705882,5
8,2020-03-22,4,0,8,12.5,0
8,2020-03-23,2,0,54,18.51851852,11
8,2020-03-24,1,0,86,8.139534884,6
8,2020-03-25,7,0,67,8.955223881,7
8,2020-03-26,6,0,98,13.13131313,20
8,2020-03-27,11,0,79,13.75,16
8,2020-03-28,14,0,51,13.33333333,14
8,2020-03-29,8,0,47,16,11
8,2020-03-30,10,0,104,14.28571429,18
8,2020-03-31,10,1,93,18.55670103,34
8,2020-04-01,19,1,111,26.78571429,44
8,2020-04-02,33,2,115,17.09401709,28
8,2020-04-03,44,5,103,13.08411215,19
8,2020-04-04,34,0,93,25.74257426,32
8,2020-04-05,5,2,30,21.875,10
8,2020-04-06,20,2,88,23.40425532,25
8,2020-04-07,29,1,143,20,29
8,2020-04-08,30,0,134,15.75342466,29
8,2020-04-09,18,1,108,13.33333333,19
8,2020-04-10,49,1,95,11.32075472,16
8,2020-04-11,22,2,77,7.228915663,8
8,2020-04-12,10,0,39,21.27659574,8
8,2020-04-13,5,1,149,16.35220126,27
8,2020-04-14,12,2,118,10.15625,17
8,2020-04-15,19,2,141,9.395973154,17
8,2020-04-16,23,2,124,16.66666667,23
8,2020-04-17,16,2,118,12.5,16
8,2020-04-18,20,0,138,8.108108108,13
8,2020-04-19,12,0,49,13.55932203,9
8,2020-04-20,7,0,152,14.63414634,26
8,2020-04-21,16,2,150,19.65317919,38
8,2020-04-22,27,2,159,11.04651163,18
8,2020-04-23,35,2,163,29.56989247,65
8,2020-04-24,41,2,116,19.54887218,25
8,2020-04-25,18,3,135,16.66666667,28
8,2020-04-26,32,2,132,11.03448276,19
8,2020-04-27,21,2,250,13.07420495,32
8,2020-04-28,7,3,211,9.677419355,24
8,2020-04-29,39,0,202,10.04366812,20
8,2020-04-30,58,1,161,13.18681319,23
8,2020-05-01,21,2,195,12.05357143,29
8,2020-05-02,8,1,203,10.82251082,23
8,2020-05-03,7,5,128,9.090909091,14
8,2020-05-04,48,5,235,7.092198582,22
8,2020-05-05,33,2,455,16.23762376,76
8,2020-05-06,38,4,360,9.948979592,38
8,2020-05-07,55,5,286,8.357348703,27
8,2020-05-08,41,2,341,4.14507772,19
8,2020-05-09,14,3,227,7.661290323,22
8,2020-05-10,21,2,81,7.258064516,4
8,2020-05-11,20,1,493,6.884681583,38
8,2020-05-12,22,2,308,8.031088083,29
8,2020-05-13,20,2,366,7.906976744,33
8,2020-05-14,24,4,339,7.87037037,22
8,2020-05-15,28,2,330,9.113924051,33
8,2020-05-16,28,0,163,2.083333333,4
8,2020-05-17,22,0,89,2.803738318,3
8,2020-05-18,17,1,411,3.448275862,18
8,2020-05-19,13,0,355,6.651376147,25
8,2020-05-20,15,1,271,5.750798722,15
8,2020-05-21,11,2,256,9.198813056,23
8,2020-05-22,19,0,330,4.884318766,19
8,2020-05-23,16,0,125,3.267973856,8
8,2020-05-24,11,3,122,4.109589041,6
8,2020-05-25,8,1,118,5.732484076,9
8,2020-05-26,9,1,345,6.392694064,18
8,2020-05-27,16,1,374,2.995391705,10
8,2020-05-28,16,1,318,4.367816092,13
8,2020-05-29,19,1,376,2.207505519,9
8,2020-05-30,16,3,176,1.408450704,5
8,2020-05-31,12,1,89,2.702702703,2
8,2020-06-01,8,1,471,3.846153846,19
8,2020-06-02,3,0,279,3.314917127,8
8,2020-06-03,11,2,347,2.398081535,6
8,2020-06-04,14,2,324,1.007556675,1
8,2020-06-05,5,0,342,4.611650485,15
8,2020-06-06,5,0,247,4.137931034,9
8,2020-06-07,7,0,105,2.459016393,3
8,2020-06-08,7,1,500,3.289473684,19
8,2020-06-09,8,0,309,2.30125523,11
8,2020-06-10,12,2,391,1.916932907,10
8,2020-06-11,9,2,504,2.003338898,6
8,2020-06-12,4,1,510,3.139717425,19
8,2020-06-13,11,1,234,1.6,6
8,2020-06-14,7,3,98,3.305785124,6
8,2020-06-15,9,0,503,2.483443709,13
8,2020-06-16,22,0,431,0.534759358,2
8,2020-06-17,13,0,568,0.73964497,4
8,2020-06-18,8,2,637,1.694915254,12
8,2020-06-19,4,2,446,2.059202059,11
8,2020-06-20,10,0,273,1.018329939,5
8,2020-06-21,4,1,102,4.511278195,8
8,2020-06-22,10,0,617,2.236842105,20
8,2020-06-23,2,0,486,1.954887218,14
8,2020-06-24,27,0,608,1.799485861,13
8,2020-06-25,12,0,517,3.459119497,20
8,2020-06-26,11,1,554,2.328966521,17
8,2020-06-27,14,0,242,2.547770701,8
8,2020-06-28,12,0,165,3.317535545,5
8,2020-06-29,22,1,680,2.026221692,22
8,2020-06-30,15,0,535,3.641881639,26
8,2020-07-01,19,0,448,3.392568659,27
8,2020-07-02,15,1,510,3.47826087,25
8,2020-07-03,22,0,257,2.44648318,4
8,2020-07-04,28,0,143,2.777777778,6
8,2020-07-05,8,0,128,7.514450867,14
8,2020-07-06,3,0,679,2.994011976,28
8,2020-07-07,14,0,501,3.054662379,20
8,2020-07-08,16,0,423,3.867403315,21
8,2020-07-09,22,0,455,3.836317136,27
8,2020-07-10,14,0,573,5.189340813,34
8,2020-07-11,13,0,249,4.180064309,21
8,2020-07-12,21,0,148,4.324324324,9
8,2020-07-13,24,1,677,5.286839145,51
8,2020-07-14,20,0,697,4.086021505,48
8,2020-07-15,24,1,592,5.121638924,41
8,2020-07-16,42,0,772,3.384615385,39
8,2020-07-17,59,0,717,3.104925054,30
8,2020-07-18,42,0,260,3.216374269,11
8,2020-07-19,24,0,128,7.386363636,13
8,2020-07-20,19,0,914,5.231560892,57
8,2020-07-21,16,2,766,4.018691589,41
8,2020-07-22,52,0,698,4.376367615,36
8,2020-07-23,59,1,754,4.60593654,45
8,2020-07-24,30,2,764,4.49657869,43
8,2020-07-25,43,0,303,4.210526316,15
8,2020-07-26,15,0,101,6.896551724,9
8,2020-07-27,40,0,780,5.137614679,51
8,2020-07-28,39,1,636,3.50877193,24
8,2020-07-29,43,0,575,4.844720497,40
8,2020-07-30,25,0,683,3.125,32
8,2020-07-31,42,0,646,2.491506229,27
8,2020-08-01,42,0,215,4.885993485,17
8,2020-08-02,11,0,124,5.202312139,10
8,2020-08-03,19,0,789,4.937163375,64
8,2020-08-04,15,0,653,4.502617801,39
8,2020-08-05,42,0,643,4.582843713,35
8,2020-08-06,53,0,745,3.762376238,45
8,2020-08-07,68,0,711,2.952755906,34
8,2020-08-08,32,0,237,2.45398773,13
8,2020-08-09,25,1,360,2.626970228,21
8,2020-08-10,41,2,1106,3.553299492,80
8,2020-08-11,31,0,869,3.281378179,44
8,2020-08-12,53,1,1573,2.288218111,55
8,2020-08-13,48,1,1342,2.376033058,45
8,2020-08-14,62,3,1889,1.780874952,47
8,2020-08-15,55,0,235,3.939393939,19
8,2020-08-16,30,0,1539,1.458752515,31
8,2020-08-17,40,2,2349,1.98231168,69
8,2020-08-18,20,0,2199,1.541197392,51
8,2020-08-19,43,1,2749,1.319875776,55
8,2020-08-20,65,1,2654,1.516382345,64
8,2020-08-21,55,0,2234,1.51371807,49
8,2020-08-22,39,1,1446,2.067183463,43
8,2020-08-23,44,1,1236,2.173913043,40
8,2020-08-24,33,0,1014,3.687150838,69
8,2020-08-25,49,2,825,3.155006859,50
8,2020-08-26,58,1,815,4.377104377,76
8,2020-08-27,38,0,790,3.138731952,55
8,2020-08-28,49,0,721,4.76889215,81
8,2020-08-29,61,1,179,8.391608392,32
8,2020-08-30,84,0,87,3.977272727,16
8,2020-08-31,54,0,665,9.250398724,131
8,2020-09-01,69,0,637,4.751299183,80
8,2020-09-02,61,1,707,5.402542373,111
8,2020-09-03,42,0,620,6.423516603,134
8,2020-09-04,103,0,818,6.760435572,152
8,2020-09-05,62,0,171,7.665505226,29
8,2020-09-06,68,0,83,9.868421053,21
8,2020-09-07,36,1,152,5.785123967,29
8,2020-09-08,48,1,934,4.461077844,158
8,2020-09-09,47,0,853,4.85544848,140
8,2020-09-10,251,0,709,4.41426146,109
8,2020-09-11,133,0,683,3.419593346,77
8,2020-09-12,50,1,187,1.823708207,15
8,2020-09-13,54,1,72,7.643312102,21
8,2020-09-14,161,0,689,3.138686131,89
8,2020-09-15,33,0,607,2.000784621,62
8,2020-09-16,43,0,630,3.092314688,71
8,2020-09-17,78,0,608,2.280550775,58
8,2020-09-18,83,0,588,1.804629266,47
8,2020-09-19,50,0,170,4.06779661,12
8,2020-09-20,29,0,70,6.086956522,11
8,2020-09-21,54,0,634,1.71641791,50
8,2020-09-22,42,0,568,2.19863533,59
8,2020-09-23,33,1,471,1.757910598,37
8,2020-09-24,43,0,570,1.954120646,53
8,2020-09-25,54,1,482,1.542111507,46
8,2020-09-26,56,2,161,3.78250591,21
8,2020-09-27,41,0,72,2.392344498,8
8,2020-09-28,26,0,628,2.18579235,75
8,2020-09-29,65,0,584,1.903651904,58
8,2020-09-30,41,0,467,2.373247033,54
8,2020-10-01,51,0,540,2.197802198,59
8,2020-10-02,67,0,545,1.738473167,68
8,2020-10-03,46,0,205,4.390243902,36
8,2020-10-04,52,1,125,5.472636816,25
8,2020-10-05,70,0,674,3.540159878,113
8,2020-10-06,37,0,663,2.994428969,118
8,2020-10-07,74,0,585,2.560819462,89
8,2020-10-08,103,0,622,3.649921507,98
8,2020-10-09,97,0,530,3.707224335,92
8,2020-10-10,83,1,204,4.408352668,27
8,2020-10-11,77,1,130,6.037735849,28
8,2020-10-12,76,1,657,5.210489993,142
8,2020-10-13,40,1,674,3.448275862,118
8,2020-10-14,78,1,555,3.325635104,79
8,2020-10-15,133,0,698,4.027113238,121
8,2020-10-16,115,2,739,3.266596417,96
8,2020-10-17,99,0,247,7.757166948,54
8,2020-10-18,76,2,177,4.400977995,20
8,2020-10-19,50,1,686,5.163398693,166
8,2020-10-20,68,2,750,2.684947158,139
8,2020-10-21,167,3,798,3.415409055,115
8,2020-10-22,93,2,843,3.836677226,123
8,2020-10-23,126,3,885,2.889993785,105
8,2020-10-24,75,1,278,4.667863555,41
8,2020-10-25,87,1,125,8.888888889,26
8,2020-10-26,74,1,916,3.679269221,158
8,2020-10-27,123,0,737,3.656998739,143
8,2020-10-28,114,1,673,4.017501989,109
8,2020-10-29,142,0,710,5.131911818,166
8,2020-10-30,109,1,696,3.12899106,122
8,2020-10-31,67,1,244,9.289617486,70
8,2020-11-01,106,1,158,14.0625,51
8,2020-11-02,112,1,900,4.635597422,208
8,2020-11-03,154,1,763,,180
8,2020-11-04,160,5,845,,239
8,2020-11-05,189,2,543,,110
8,2020-11-06,210,3,394,,71
8,2020-11-07,171,0,34,,16
8,2020-11-08,121,1,0,,0
9,2020-02-26,0,0,0,0,0
9,2020-02-27,0,0,0,0,0
9,2020-02-28,0,0,0,0,0
9,2020-02-29,0,0,0,0,0
9,2020-03-02,0,0,0,0,0
9,2020-03-03,0,0,1,0,0
9,2020-03-04,0,0,1,0,0
9,2020-03-05,0,0,0,0,0
9,2020-03-06,0,0,0,0,0
9,2020-03-07,0,0,0,0,0
9,2020-03-08,0,0,0,0,0
9,2020-03-09,0,0,4,0,0
9,2020-03-10,0,0,4,0,0
9,2020-03-11,0,0,8,12.5,1
9,2020-03-12,0,0,7,0,0
9,2020-03-13,0,0,14,14.28571429,3
9,2020-03-14,0,0,4,50,3
9,2020-03-15,1,0,10,50,5
9,2020-03-16,2,0,72,12.32876712,9
9,2020-03-17,2,0,72,8.108108108,10
9,2020-03-18,0,0,89,20.2247191,18
9,2020-03-19,1,0,94,24.21052632,24
9,2020-03-20,5,0,113,15.78947368,18
9,2020-03-21,5,0,48,39.58333333,19
9,2020-03-22,3,1,49,28.57142857,15
9,2020-03-23,18,0,122,23.38709677,33
9,2020-03-24,5,1,118,30.08130081,35
9,2020-03-25,23,0,135,26.95035461,45
9,2020-03-26,34,2,137,25.87412587,41
9,2020-03-27,33,1,152,41.29032258,66
9,2020-03-28,32,3,57,41.93548387,22
9,2020-03-29,24,0,73,30.86419753,27
9,2020-03-30,34,1,176,32.06521739,56
9,2020-03-31,17,3,152,26.25,48
9,2020-04-01,66,4,145,16.32653061,24
9,2020-04-02,52,2,167,16.66666667,29
9,2020-04-03,38,3,153,21.65605096,34
9,2020-04-04,37,5,37,20.93023256,10
9,2020-04-05,49,3,46,30.76923077,14
9,2020-04-06,58,2,179,25.13368984,48
9,2020-04-07,23,3,143,24.66666667,34
9,2020-04-08,51,2,161,29.71428571,51
9,2020-04-09,34,3,143,21.47651007,31
9,2020-04-10,40,2,140,17.53246753,24
9,2020-04-11,23,1,35,10.81081081,5
9,2020-04-12,14,0,23,13.04347826,4
9,2020-04-13,56,3,273,10.10452962,27
9,2020-04-14,11,1,212,12.83185841,25
9,2020-04-15,32,6,232,20.88353414,50
9,2020-04-16,25,4,272,12.32876712,38
9,2020-04-17,48,3,337,12.64044944,40
9,2020-04-18,17,1,113,8.196721311,8
9,2020-04-19,33,1,27,16.12903226,5
9,2020-04-20,14,1,512,9.074074074,52
9,2020-04-21,30,5,367,14.28571429,54
9,2020-04-22,30,6,307,11.30434783,38
9,2020-04-23,43,4,268,11.03202847,29
9,2020-04-24,40,0,280,26.3322884,82
9,2020-04-25,9,3,138,13.81578947,23
9,2020-04-26,60,3,68,16.43835616,12
9,2020-04-27,28,1,222,11.52263374,31
9,2020-04-28,30,4,323,14.80446927,56
9,2020-04-29,21,7,269,10.38062284,31
9,2020-04-30,52,3,228,14.52282158,31
9,2020-05-01,49,6,191,14.61187215,30
9,2020-05-02,27,5,159,15.34391534,28
9,2020-05-03,14,3,64,17.56756757,9
9,2020-05-04,20,3,217,11.06557377,26
9,2020-05-05,29,6,739,7.568238213,62
9,2020-05-06,40,3,399,7.674418605,32
9,2020-05-07,30,1,256,8.843537415,22
9,2020-05-08,38,1,313,9.090909091,23
9,2020-05-09,14,2,130,10.34482759,11
9,2020-05-10,12,4,30,17.14285714,7
9,2020-05-11,30,9,372,4.716981132,18
9,2020-05-12,31,3,289,8.682634731,24
9,2020-05-13,11,4,505,4.621072089,22
9,2020-05-14,16,3,466,3.838771593,13
9,2020-05-15,49,2,581,8.079268293,39
9,2020-05-16,20,4,235,3.529411765,11
9,2020-05-17,33,1,119,7.575757576,11
9,2020-05-18,13,7,453,5.882352941,26
9,2020-05-19,18,3,419,5.010893246,16
9,2020-05-20,22,1,515,3.181818182,18
9,2020-05-21,9,2,384,4.555314534,14
9,2020-05-22,19,1,400,4.468085106,12
9,2020-05-23,8,1,141,3.75,9
9,2020-05-24,12,1,68,3.846153846,2
9,2020-05-25,7,2,80,3.191489362,2
9,2020-05-26,15,0,534,5.844155844,23
9,2020-05-27,16,0,385,5.152224824,16
9,2020-05-28,21,1,371,3.044496487,9
9,2020-05-29,7,0,393,4.366812227,13
9,2020-05-30,9,0,158,3.370786517,6
9,2020-05-31,1,0,91,10.57692308,9
9,2020-06-01,20,1,472,4.285714286,19
9,2020-06-02,25,1,385,2.314814815,12
9,2020-06-03,13,0,391,3.908045977,16
9,2020-06-04,11,2,369,2.777777778,8
9,2020-06-05,14,0,438,2.750491159,11
9,2020-06-06,8,0,207,1.754385965,5
9,2020-06-07,11,1,62,3.896103896,2
9,2020-06-08,6,0,445,2.083333333,8
9,2020-06-09,7,0,370,6.196581197,32
9,2020-06-10,17,0,530,1.740506329,10
9,2020-06-11,17,1,528,1.5,10
9,2020-06-12,9,0,678,1.884422111,13
9,2020-06-13,7,2,282,2.590673575,6
9,2020-06-14,5,2,85,2.808988764,6
9,2020-06-15,18,1,703,1.59901599,15
9,2020-06-16,7,3,743,0.877192982,7
9,2020-06-17,14,0,753,1.732101617,14
9,2020-06-18,20,2,697,1.538461538,11
9,2020-06-19,12,0,496,1.026957638,6
9,2020-06-20,10,0,173,6.985294118,15
9,2020-06-21,4,0,80,3.092783505,1
9,2020-06-22,11,1,557,2.801120448,13
9,2020-06-23,12,1,694,2.280912365,16
9,2020-06-24,12,0,595,1.625,10
9,2020-06-25,11,1,607,2.021563342,13
9,2020-06-26,23,0,653,2.523659306,23
9,2020-06-27,4,0,202,5.327868852,12
9,2020-06-28,6,1,67,0.970873786,2
9,2020-06-29,14,0,606,6.232294618,39
9,2020-06-30,12,0,555,3.95480226,25
9,2020-07-01,19,1,463,6.770833333,33
9,2020-07-02,47,2,676,5.674653216,39
9,2020-07-03,12,0,146,9.782608696,12
9,2020-07-04,35,1,85,8.571428571,12
9,2020-07-05,15,0,78,14.28571429,14
9,2020-07-06,11,1,859,4.798464491,42
9,2020-07-07,25,0,673,4.761904762,43
9,2020-07-08,27,0,613,6.573957016,45
9,2020-07-09,38,1,626,6.202531646,44
9,2020-07-10,35,1,653,6.87575392,54
9,2020-07-11,40,1,231,9.352517986,28
9,2020-07-12,19,1,132,6.741573034,12
9,2020-07-13,30,0,990,7.233704293,90
9,2020-07-14,42,0,928,7.211961302,68
9,2020-07-15,59,0,768,6.811145511,61
9,2020-07-16,51,2,1066,5.618830676,68
9,2020-07-17,51,1,966,5.619834711,69
9,2020-07-18,68,0,311,7.196029777,24
9,2020-07-19,52,0,145,10.95238095,22
9,2020-07-20,65,0,1003,7.9002079,102
9,2020-07-21,38,0,1055,8.308383234,98
9,2020-07-22,67,0,886,7.659208262,74
9,2020-07-23,92,2,938,8.474576271,97
9,2020-07-24,90,0,924,7.760711399,77
9,2020-07-25,54,0,243,5.555555556,19
9,2020-07-26,29,1,98,13.43283582,14
9,2020-07-27,102,0,1046,9.208633094,110
9,2020-07-28,53,0,947,7.852564103,89
9,2020-07-29,98,2,908,8.678021087,93
9,2020-07-30,83,1,752,7.915057915,65
9,2020-07-31,95,1,880,9.021986353,109
9,2020-08-01,70,1,232,10.86956522,36
9,2020-08-02,52,2,150,10.3626943,21
9,2020-08-03,87,2,975,7.024169184,73
9,2020-08-04,59,1,976,8.391608392,93
9,2020-08-05,57,0,856,7.583333333,68
9,2020-08-06,109,2,969,6.81658468,82
9,2020-08-07,66,4,1013,5.766944114,92
9,2020-08-08,90,1,272,10,37
9,2020-08-09,31,2,171,8.097165992,15
9,2020-08-10,89,4,1102,8.763897973,112
9,2020-08-11,47,3,882,5.826771654,59
9,2020-08-12,80,2,985,7.853025937,88
9,2020-08-13,74,1,988,3.963083605,65
9,2020-08-14,87,3,1006,6.350148368,81
9,2020-08-15,62,2,306,7.124681934,19
9,2020-08-16,40,0,183,8.812260536,27
9,2020-08-17,73,4,1114,6.068431246,80
9,2020-08-18,21,0,979,6.288032454,79
9,2020-08-19,69,2,898,6.016042781,78
9,2020-08-20,97,0,987,5.14380531,76
9,2020-08-21,51,1,866,5.529332434,73
9,2020-08-22,46,2,322,6.481481481,25
9,2020-08-23,47,0,194,5.681818182,18
9,2020-08-24,61,2,893,5.789473684,68
9,2020-08-25,54,1,746,5.235137533,60
9,2020-08-26,68,0,846,5.245460659,69
9,2020-08-27,42,2,770,3.920265781,57
9,2020-08-28,65,1,669,3.863987635,46
9,2020-08-29,48,0,228,6.96969697,23
9,2020-08-30,49,0,126,9.72972973,17
9,2020-08-31,36,0,777,6.14334471,79
9,2020-09-01,45,1,683,3.542009885,45
9,2020-09-02,66,0,625,4.41370224,66
9,2020-09-03,52,1,584,3.380454825,55
9,2020-09-04,49,1,610,4.455869751,47
9,2020-09-05,49,1,191,5.53633218,19
9,2020-09-06,33,1,140,5.612244898,9
9,2020-09-07,21,0,104,8.212560386,18
9,2020-09-08,48,1,865,5.018416206,116
9,2020-09-09,34,0,716,2.542841349,51
9,2020-09-10,73,1,653,3.070910106,53
9,2020-09-11,70,0,600,4.390934844,60
9,2020-09-12,21,1,240,5.39083558,20
9,2020-09-13,65,0,119,11.73184358,22
9,2020-09-14,38,3,761,4.356306892,77
9,2020-09-15,44,1,641,1.79558011,45
9,2020-09-16,51,0,531,4.128819158,44
9,2020-09-17,59,0,594,3.645461044,55
9,2020-09-18,55,0,518,3.783783784,46
9,2020-09-19,36,0,215,7.055214724,22
9,2020-09-20,34,0,110,8.383233533,14
9,2020-09-21,30,0,830,4.94997367,104
9,2020-09-22,35,2,626,2.53534861,50
9,2020-09-23,86,1,621,2.900763359,56
9,2020-09-24,77,0,623,4.854368932,79
9,2020-09-25,45,2,565,5.233494364,63
9,2020-09-26,50,1,225,5.649717514,22
9,2020-09-27,63,1,172,9.057971014,24
9,2020-09-28,38,0,754,4.746835443,104
9,2020-09-29,51,0,642,3.832020997,80
9,2020-09-30,65,0,596,5.034965035,72
9,2020-10-01,92,1,701,4.17947142,75
9,2020-10-02,67,0,725,4.780361757,75
9,2020-10-03,63,0,301,5.23138833,28
9,2020-10-04,50,0,170,14.23611111,42
9,2020-10-05,55,0,874,5.388650453,122
9,2020-10-06,58,0,844,3.806994245,105
9,2020-10-07,74,1,679,6.762589928,112
9,2020-10-08,109,2,754,6.973684211,124
9,2020-10-09,133,0,797,6.328320802,111
9,2020-10-10,92,0,326,9.626719057,70
9,2020-10-11,69,1,136,9.016393443,22
9,2020-10-12,71,2,771,7.026523965,157
9,2020-10-13,91,1,788,4.693140794,135
9,2020-10-14,109,0,763,7.648073606,156
9,2020-10-15,157,1,894,5.353430353,121
9,2020-10-16,188,2,749,4.62962963,83
9,2020-10-17,53,1,320,7.721280603,56
9,2020-10-18,59,1,178,9.016393443,40
9,2020-10-19,96,0,975,7.040572792,171
9,2020-10-20,95,0,846,5.529037391,154
9,2020-10-21,158,2,953,5.776636714,152
9,2020-10-22,116,2,873,6.401074306,162
9,2020-10-23,152,0,806,5.797773655,151
9,2020-10-24,118,1,264,10.57268722,54
9,2020-10-25,117,2,164,10.87962963,44
9,2020-10-26,63,1,1155,7.622663551,264
9,2020-10-27,198,1,923,6.441223833,209
9,2020-10-28,212,0,1048,9.016745384,241
9,2020-10-29,171,1,1045,6.987863185,236
9,2020-10-30,219,1,914,9.844322344,223
9,2020-10-31,156,1,299,10.52631579,71
9,2020-11-01,156,0,205,13.06818182,76
9,2020-11-02,154,0,1160,9.400669303,355
9,2020-11-03,224,2,930,,238
9,2020-11-04,275,1,1250,,349
9,2020-11-05,194,1,504,,154
9,2020-11-06,346,2,378,,110
9,2020-11-07,312,0,58,,22
9,2020-11-08,156,1,1,,1
